Time,input,output1,output2,output3,output4,output5
0.0,0.0,0.0,0.0,0.0,0.0,0.0
0.014892032762472078,0.0,0.0,0.0,0.0,0.0,0.0
0.029784065524944156,0.0,0.0,0.0,0.0,0.0,0.0
0.044676098287416234,0.0,0.0,0.0,0.0,0.0,0.0
0.05956813104988831,0.0,0.0,0.0,0.0,0.0,0.0
0.0744601638123604,0.0,0.0,0.0,0.0,0.0,0.0
0.08935219657483247,0.0,0.0,0.0,0.0,0.0,0.0
0.10424422933730454,0.0,0.0,0.0,0.0,0.0,0.0
0.11913626209977662,0.0,0.0,0.0,0.0,0.0,0.0
0.1340282948622487,0.0,0.0,0.0,0.0,0.0,0.0
0.1489203276247208,0.0,0.0,0.0,0.0,0.0,0.0
0.16381236038719285,0.0,0.0,0.0,0.0,0.0,0.0
0.17870439314966494,0.0,0.0,0.0,0.0,0.0,0.0
0.19359642591213702,0.0,0.0,0.0,0.0,0.0,0.0
0.20848845867460908,0.0,0.0,0.0,0.0,0.0,0.0
0.22338049143708116,0.0,0.0,0.0,0.0,0.0,0.0
0.23827252419955325,0.0,0.0,0.0,0.0,0.0,0.0
0.25316455696202533,0.0,0.0,0.0,0.0,0.0,0.0
0.2680565897244974,0.0,0.0,0.0,0.0,0.0,0.0
0.2829486224869695,0.0,0.0,0.0,0.0,0.0,0.0
0.2978406552494416,0.0,0.0,0.0,0.0,0.0,0.0
0.3127326880119136,0.0,0.0,0.0,0.0,0.0,0.0
0.3276247207743857,0.0,0.0,0.0,0.0,0.0,0.0
0.3425167535368578,0.0,0.0,0.0,0.0,0.0,0.0
0.3574087862993299,0.0,0.0,0.0,0.0,0.0,0.0
0.37230081906180196,0.0,0.0,0.0,0.0,0.0,0.0
0.38719285182427404,0.0,0.0,0.0,0.0,0.0,0.0
0.4020848845867461,0.0,0.0,0.0,0.0,0.0,0.0
0.41697691734921816,0.0,0.0,0.0,0.0,0.0,0.0
0.43186895011169024,0.0,0.0,0.0,0.0,0.0,0.0
0.4467609828741623,0.0,0.0,0.0,0.0,0.0,0.0
0.4616530156366344,0.0,0.0,0.0,0.0,0.0,0.0
0.4765450483991065,0.0,0.0,0.0,0.0,0.0,0.0
0.4914370811615786,0.0,0.0,0.0,0.0,0.0,0.0
0.5063291139240507,0.0,0.0,0.0,0.0,0.0,0.0
0.5212211466865228,0.0,0.0,0.0,0.0,0.0,0.0
0.5361131794489948,0.0,0.0,0.0,0.0,0.0,0.0
0.5510052122114669,0.0,0.0,0.0,0.0,0.0,0.0
0.565897244973939,0.0,0.0,0.0,0.0,0.0,0.0
0.5807892777364111,0.0,0.0,0.0,0.0,0.0,0.0
0.5956813104988832,0.0,0.0,0.0,0.0,0.0,0.0
0.6105733432613552,0.0,0.0,0.0,0.0,0.0,0.0
0.6254653760238272,0.0,0.0,0.0,0.0,0.0,0.0
0.6403574087862993,0.0,0.0,0.0,0.0,0.0,0.0
0.6552494415487714,0.0,0.0,0.0,0.0,0.0,0.0
0.6701414743112435,0.0,0.0,0.0,0.0,0.0,0.0
0.6850335070737156,0.0,0.0,0.0,0.0,0.0,0.0
0.6999255398361877,0.0,0.0,0.0,0.0,0.0,0.0
0.7148175725986597,0.0,0.0,0.0,0.0,0.0,0.0
0.7297096053611318,0.0,0.0,0.0,0.0,0.0,0.0
0.7446016381236039,0.0,0.0,0.0,0.0,0.0,0.0
0.759493670886076,0.0,0.0,0.0,0.0,0.0,0.0
0.7743857036485481,0.0,0.0,0.0,0.0,0.0,0.0
0.7892777364110202,0.0,0.0,0.0,0.0,0.0,0.0
0.8041697691734923,0.0,0.0,0.0,0.0,0.0,0.0
0.8190618019359643,0.0,0.0,0.0,0.0,0.0,0.0
0.8339538346984363,0.0,0.0,0.0,0.0,0.0,0.0
0.8488458674609084,0.0,0.0,0.0,0.0,0.0,0.0
0.8637379002233805,0.0,0.0,0.0,0.0,0.0,0.0
0.8786299329858526,0.0,0.0,0.0,0.0,0.0,0.0
0.8935219657483247,0.0,0.0,0.0,0.0,0.0,0.0
0.9084139985107967,0.0,0.0,0.0,0.0,0.0,0.0
0.9233060312732688,0.0,0.0,0.0,0.0,0.0,0.0
0.9381980640357409,0.0,0.0,0.0,0.0,0.0,0.0
0.953090096798213,0.0,0.0,0.0,0.0,0.0,0.0
0.9679821295606851,0.0,0.0,0.0,0.0,0.0,0.0
0.9828741623231572,0.0,0.0,0.0,0.0,0.0,0.0
0.9977661950856292,0.0,0.0,0.0,0.0,0.0,0.0
1.0126582278481013,0.0,0.0,0.0,0.0,0.0,0.0
1.0275502606105733,0.0,0.0,0.0,0.0,0.0,0.0
1.0424422933730455,0.0,0.0,0.0,0.0,0.0,0.0
1.0573343261355175,0.0,0.0,0.0,0.0,0.0,0.0
1.0722263588979897,0.0,0.0,0.0,0.0,0.0,0.0
1.0871183916604616,0.0,0.0,0.0,0.0,0.0,0.0
1.1020104244229338,0.0,0.0,0.0,0.0,0.0,0.0
1.1169024571854058,0.0,0.0,0.0,0.0,0.0,0.0
1.131794489947878,0.0,0.0,0.0,0.0,0.0,0.0
1.14668652271035,0.0,0.0,0.0,0.0,0.0,0.0
1.1615785554728222,0.0,0.0,0.0,0.0,0.0,0.0
1.1764705882352942,0.0,0.0,0.0,0.0,0.0,0.0
1.1911764705882353,1.0,0.16020035088773674,0.004750523610980862,0.00013663567547083635,2.3133049709735802e-05,1.1201599462372491e-07
1.2058823529411764,1.0,0.4292727478141023,0.029691176751380485,0.001336577101637044,0.0002670721567730656,1.8852334029885736e-06
1.2205882352941175,1.0,0.6121341599368516,0.09171751290951521,0.006443565339596601,0.001520451870765908,1.568314973911419e-05
1.2352941176470589,1.0,0.736406647287818,0.19445150028704888,0.020745661413183084,0.005756667921221207,8.643227864136824e-05
1.25,1.0,0.8208621424801511,0.3283485800624192,0.05095260545568623,0.01648976053080722,0.0003568801787661377
1.2647058823529411,1.0,0.8782580377440655,0.4782339687998904,0.10308069861810729,0.03848891201234524,0.0011835435000880634
1.2794117647058822,1.0,0.9172642478863903,0.6284234005501319,0.1804308186046,0.07682889390070323,0.0032989377201473693
1.2941176470588236,1.0,0.9437728409255125,0.7658091205856264,0.28243074086966,0.13560658397918143,0.007980633424545093
1.3088235294117647,1.0,0.9617880621518196,0.8813388970573984,0.40452892308758537,0.21675304149767288,0.017160510827102505
1.3235294117647058,1.0,0.9740311938545775,0.9703217849423522,0.5389799940615378,0.31927943047804125,0.0334028069773892
1.338235294117647,1.0,0.9823516175678422,1.0319635910634446,0.6761956773866467,0.43912719400109296,0.05970283103984684
1.3529411764705883,1.0,0.9880061716843076,1.0684772257134396,0.8062970840943038,0.5696217576306436,0.09910283277854834
1.3676470588235294,1.0,0.9918490026936301,1.084040020955691,0.9205498581763281,0.7023962081999598,0.15417303875716096
1.3823529411764706,1.0,0.9944605879507611,1.0837926403679712,1.0124545821371638,0.8285743915138487,0.22644859144383048
1.3970588235294117,1.0,0.9962354194587608,1.0730012752595832,1.0783712364511202,0.9399824113404126,0.31593510578490086
1.4117647058823528,1.0,0.9974415937060642,1.0564425307194671,1.117656662003085,1.0301837294031302,0.42079142502154426
1.4264705882352942,1.0,0.9982613088780682,1.0380220639200648,1.1323740339644766,1.0951907204927054,0.5372695116379197
1.4411764705882353,1.0,0.998818386733706,1.0206045211908599,1.1266864144754205,1.1337780735112324,0.6599454375320523
1.4558823529411764,1.0,0.999196976453454,1.0060126408612216,1.1060713192623908,1.1473958988663793,0.7822225243732105
1.4705882352941178,1.0,0.9994542657613097,0.99514533703846,1.076492962905272,1.139741287717664,0.8970387699850882
1.4852941176470589,1.0,0.999629119394369,0.9881653313951708,1.0436492038772953,1.116089136302102,0.9976749755421571
1.5,1.0,0.9997479498006883,0.9847135179942883,1.012378229656386,1.0825033995704312,1.0785433378836915
1.5147058823529411,1.0,0.9998287068614305,0.9841170457168242,0.9862727832103824,1.0450494554715537,1.1358405477155342
1.5294117647058822,1.0,0.9998835893032376,0.985568880991817,0.9675134243029717,1.0091106740024973,1.1679726132948716
1.5441176470588236,1.0,0.9999208873721745,0.9882667525963993,0.9569016406509934,0.9788830578327056,1.1756956104091731
1.5588235294117647,1.0,0.9999462351136492,0.9915078525716452,0.9540515068099276,0.9570870449742818,1.1619603891016483
1.5735294117647058,1.0,0.999963461420967,0.9947419699028663,0.9576862077991759,0.9449009938002543,1.131492503453094
1.588235294117647,1.0,0.9999751684073311,0.9975897825341833,0.9659827482436807,0.9420912021326205,1.0901746068245544
1.6029411764705883,1.0,0.9999831244670485,0.9998350414739727,0.9769130515645346,0.9472917406703011,1.0443223575023195
1.6176470588235294,1.0,0.9999885313996492,1.0013997393934546,0.9885401995080856,0.9583754467505471,0.999953923101529
1.6323529411764706,1.0,0.99999220594725,1.0023105320807688,0.9992422751150247,0.9728551056178844,0.9621473427587527
1.6470588235294117,1.0,0.9999947031672209,1.0026631374854045,1.0078507592628463,0.988259842718418,0.9345614116375164
1.6617647058823528,1.0,0.9999964002761607,1.002589579097611,1.0137036876007852,1.002443883268657,0.9191681670656563
1.6764705882352942,1.0,0.999997553630205,1.0022312850929094,1.0166243614624961,1.0138004903822815,0.9162131858790498
1.6911764705882353,1.0,0.9999983374488043,1.0017194205334763,1.0168435165112295,1.0213704416227307,0.924388601398081
1.7058823529411764,1.0,0.9999988701313742,1.0011625415254932,1.0148862858773486,1.0248495500424595,0.9411773022901783
1.7205882352941178,1.0,0.999999232142075,1.000640762575017,1.0114453575404734,1.0245117587848462,0.963308355097232
1.7352941176470589,1.0,0.9999994781642931,1.000205106229239,1.0072590908724859,1.0210722171016553,0.9872550262874603
1.75,1.0,0.99999964536082,0.9998805024705517,1.0030089020576054,1.0155181704565834,1.0097080705571093
1.7647058823529411,1.0,0.9999997589874623,0.9996709484015032,0.9992448822252831,1.008934787036191,1.0279670144547337
1.7794117647058822,1.0,0.9999998362080487,0.9995655452641765,0.9963432291119259,1.0023489949130966,1.040208741723454
1.7941176470588234,1.0,0.9999998886871049,0.9995444244222211,0.9944943378263265,0.9966081086668429,1.0456128795643274
1.8088235294117647,1.0,0.9999999243518347,0.9995838942383881,0.9937167728735736,0.9923026734705368,1.0443442183167742
1.8235294117647058,1.0,0.9999999485895601,0.9996604397931534,0.9938900615089361,0.989735670973035,1.0374108580361305
1.8382352941176472,1.0,0.9999999650615012,0.999753457818263,0.9947983215147058,0.9889339352112235,1.0264307650734548
1.8529411764705883,1.0,0.9999999762558208,0.9998467957636707,0.9961770048445309,0.989692953258353,1.0133475823459301
1.8676470588235294,1.0,0.9999999838634726,0.9999292843047116,0.9977562244558955,0.9916434916165128,1.0001384396591275
1.8823529411764706,1.0,0.9999999890336274,0.9999945131117496,0.9992958983051459,0.9943277092607811,0.9885526071519796
1.8970588235294117,1.0,0.999999992547261,1.0000401117801652,1.0006099506973052,0.9972733527797574,0.9799112974878924
1.9117647058823528,1.0,0.9999999949351239,1.0000667750797025,1.0015787552109985,1.0000568609820875,0.9749874035872511
1.9264705882352942,1.0,0.9999999965579139,1.0000772276483414,1.0021506529500623,1.0023492245313437,0.9739713167175442
1.9411764705882353,1.0,0.9999999976607609,1.0000752697696231,1.0023345871577067,1.0039417274659936,0.976516997439897
1.9558823529411764,1.0,0.9999999984102549,1.0000649922160245,1.0021865984365914,1.0047517758141524,0.9818526661301278
1.9705882352941178,1.0,0.9999999989196104,1.0000502007313679,1.0017931382907297,1.0048115348377789,0.9889338773506545
1.9852941176470589,1.0,0.9999999992657681,1.0000340532434318,1.0012539555934312,1.004243826068347,0.9966138362734059
2.0,1.0,0.9999999995010166,1.000018886702985,1.0006668016165263,1.0032305934242134,1.0038065532628337
2.014705882352941,1.0,0.9999999996608914,1.0000061951353012,1.0001155110984832,1.0019792759624997,1.0096222877753043
2.0294117647058822,1.0,0.9999999997695421,0.999996714496624,0.9996622728665145,1.0006917639720607,1.0134608290908629
2.0441176470588234,1.0,0.9999999998433811,0.9999905710654124,0.9993442089737514,0.9995394697635805,1.0150554311652025
2.0588235294117645,1.0,0.999999999893562,0.9999874560145097,0.9991738136557418,0.9986466457802222,1.0144675658746616
2.0735294117647056,1.0,0.999999999927665,0.9999867973180989,0.9991424083080513,0.9980826539369857,1.012039106747558
2.088235294117647,1.0,0.9999999999508413,0.9999879094316011,0.9992255607096889,0.9978626197790678,1.008313362075672
2.1029411764705883,1.0,0.999999999966592,0.999990109900823,0.9993893838635608,0.9979549284298442,1.0039391048173103
2.1176470588235294,1.0,0.999999999977296,0.999992799350593,0.9995967404620867,0.9982934104853946,0.9995722857484538
2.1323529411764706,1.0,0.9999999999845706,0.9999955067504391,0.9998125898483923,0.9987918390630189,0.9957886566141817
2.1470588235294117,1.0,0.9999999999895143,0.9999979053835377,1.0000079783659555,0.9993584767784852,0.9930175030515621
2.161764705882353,1.0,0.999999999992874,0.9999998067331584,1.0001624470181243,0.9999087984889102,0.9915026793552028
2.1764705882352944,1.0,0.9999999999951573,1.0000011398772237,1.0002648761237167,1.0003750756722891,0.991292794463022
2.1911764705882355,1.0,0.9999999999967091,1.0000019233406263,1.0003129797334527,1.0007121394132803,0.992258333474532
2.2058823529411766,1.0,0.9999999999977636,1.0000022350889168,1.0003117893789608,1.0008992478394128,0.9941302142256853
2.2205882352941178,1.0,0.9999999999984802,1.0000021848004037,1.0002715248084963,1.000938496294783,0.9965521134510354
2.235294117647059,1.0,0.9999999999989673,1.0000018909972423,1.0002052454357613,1.0008505756182553,0.999138002991108
2.25,1.0,0.9999999999992982,1.000001464237446,1.0001266234528106,1.0006688838317406,1.0015266787139385
2.264705882352941,1.0,0.9999999999995232,1.0000009964771537,1.0000480945684833,1.0004330327840878,1.0034264497505339
2.2794117647058822,1.0,0.999999999999676,1.0000005559466152,0.9999795424280968,1.0001826876719841,1.0046452753980066
2.2941176470588234,1.0,0.99999999999978,1.0000001864334649,0.9999275735936588,0.9999524714931837,1.0051041237321927
2.3088235294117645,1.0,0.9999999999998506,0.9999999096880747,0.999895353874019,0.9997684025661996,1.0048338074537675
2.3235294117647056,1.0,0.9999999999998985,0.999999729695022,0.9998829119740629,0.9996460552176504,1.0039577019945272
2.3382352941176467,1.0,0.9999999999999312,0.9999996377238414,0.9998877767103904,0.9995903797012141,1.0026643247028586
2.3529411764705883,1.0,0.9999999999999534,0.9999996173176884,0.9999057992998952,0.9995969157710728,1.0011746135169837
2.3676470588235294,1.0,0.9999999999999685,0.9999996486474907,0.9999320192231909,0.9996540018283416,0.9997088613087567
2.3823529411764706,1.0,0.9999999999999787,0.9999997119123889,0.9999614555745451,0.9997455231538749,0.9984577116370027
2.3970588235294117,1.0,0.9999999999999857,0.9999997896796358,0.9999897393288424,0.9998537530324915,0.9975605559276718
2.4117647058823533,1.0,0.9999999999999903,0.9999998682161289,1.000013539292258,0.9999619062904747,0.9970932936673095
2.4264705882352944,1.0,0.9999999999999936,0.9999999379671387,1.000030770168836,1.0000561278404396,0.9970659455580656
2.4411764705882355,1.0,0.9999999999999958,0.9999999933905839,1.000040601013807,1.0001267595392902,0.9974292501666396
2.4558823529411766,1.0,0.9999999999999972,1.0000000323668718,1.0000433037838254,1.0001688484682367,0.9980882933413059
2.4705882352941178,1.0,0.9999999999999982,1.000000055386263,1.0000399937465838,1.0001819634344005,0.9989205258542809
2.485294117647059,1.0,0.9999999999999989,1.0000000646793157,1.0000323165751968,1.0001694635784448,0.9997952633655592
2.5,1.0,0.9999999999999993,1.0000000634112525,1.0000221324764076,1.0001374081961603,1.0005919164241766
2.514705882352941,1.0,0.9999999999999997,1.0000000550159314,1.0000112377906194,1.0000933099882243,1.0012146966743725
2.5294117647058822,1.0,0.9999999999999999,1.0000000427050217,1.000001151515976,1.0000449188485636,1.0016022814818797
2.5441176470588234,1.0,1.0,1.0000000291561322,0.9999929804138361,0.9999991868325618,1.0017317671287582
2.5588235294117645,1.0,1.0,1.000000016361246,0.9999873636538457,0.999961515505361,1.0016170751710503
2.5735294117647056,1.0,1.0,1.0000000056036034,0.9999844877309618,0.9999353330543183,1.0013026889857377
2.5882352941176467,1.0,1.0,0.9999999975258393,0.99998415541851,0.9999219980203283,1.000854108573213
2.6029411764705883,1.0,1.0,0.999999992252921,0.9999858890238964,0.9999209851677292,1.0003466780729955
2.6176470588235294,1.0,1.0,0.9999999895382676,0.9999890479190179,0.9999302805726159,0.99985445643013
2.6323529411764706,1.0,1.0,0.9999999889085129,0.9999929426085639,0.9999468988679637,0.9994405952016433
2.6470588235294117,1.0,1.0,0.9999999897901608,0.9999969316591861,0.9999674350667204,0.9991503125990348
2.6617647058823533,1.0,1.0,0.9999999916087403,1.000000492767679,0.9999885741869835,0.9990070792547677
2.6764705882352944,1.0,1.0,0.9999999938572497,1.0000032642890968,1.0000075006717835,0.9990121332600123
2.6911764705882355,1.0,1.0,0.9999999961353179,1.0000050580223445,1.00002217253737,0.9991469884028773
2.7058823529411766,1.0,1.0,0.999999998163543,1.0000058475123552,1.0000314486304769,0.9993782447951806
2.7205882352941178,1.0,1.0,0.9999999997790243,1.0000057383453376,1.0000350782323635,0.9996637901574478
2.735294117647059,1.0,1.0,1.000000000918464,1.0000049278613088,1.0000335782914693,0.9999594060173836
2.75,1.0,1.0,1.000000001594709,1.0000036615260335,1.0000280335773504,1.0002248580833113
2.764705882352941,1.0,1.0,1.000000001871554,1.0000021921463595,1.0000198587921514,1.0004287287934792
2.7794117647058822,1.0,1.0,1.0000000018403346,1.0000007464911467,1.0000105597625588,1.0005515052523242
2.7941176470588234,1.0,1.0,1.0000000016005308,0.9999995020141741,1.000001524494474,1.0005867245665012
2.8088235294117645,1.0,1.0,1.0000000012454358,0.9999985745507267,0.9999938656878956,1.0005402588259331
2.8235294117647056,1.0,1.0,1.000000000853013,0.9999980162976891,0.9999883259532726,1.000428057675098
2.8382352941176467,1.0,1.0,1.0000000004814147,0.9999978222311929,0.9999852469746601,1.0002728318243586
2.8529411764705883,1.0,1.0,1.0000000001682439,0.9999979424289478,0.9999845954484733,1.000100242572926
2.8676470588235294,1.0,1.0,0.999999999932482,0.9999982975372044,0.9999860325939621,0.9999351597221436
2.8823529411764706,1.0,1.0,0.9999999997780273,0.9999987947895592,0.9999890107415431,0.9997984736496787
2.8970588235294117,1.0,1.0,0.9999999996979221,0.999999342444871,0.9999928799025258,0.9997048157870453
2.9117647058823533,1.0,1.0,0.9999999996785525,0.9999998611465717,0.9999969889182846,0.9996613792571488
2.9264705882352944,1.0,1.0,0.9999999997033335,1.000000291399826,1.0000007691616217,0.9996678631548378
2.9411764705882355,1.0,1.0,0.9999999997555995,1.0000005970166828,1.0000037930928827,0.9997174128008756
2.9558823529411766,1.0,1.0,0.9999999998206057,1.000000764918418,1.000005804536933,0.999798312164298
2.9705882352941178,1.0,1.0,0.9999999998866806,1.000000802064135,1.0000067217185722,0.9998961146527535
2.985294117647059,1.0,1.0,0.9999999999456546,1.0000007304799654,1.0000066174066122,0.9999958783105701
3.0,1.0,1.0,0.99999999999274,1.000000581403699,1.000005682695351,1.0000841978126198
3.014705882352941,1.0,1.0,1.000000000026048,1.0000003894639171,1.0000041819144754,1.000150789431573
3.0294117647058822,1.0,1.0,1.0000000000459113,1.0000001876206008,1.0000024059927501,1.0001894734669268
3.0441176470588234,1.0,1.0,1.0000000000541538,1.0000000033496628,1.000000630524655,1.0001984968517936
3.0588235294117645,1.0,1.0,1.0000000000534106,0.99999985629844,0.9999990830988531,1.0001802326392966
3.0735294117647056,1.0,1.0,1.0000000000465636,0.9999997574073118,0.9999979224665881,1.0001403709173298
3.0882352941176467,1.0,1.0,1.0000000000363225,0.9999997093087147,0.9999972301613386,1.0000867690713129
3.1029411764705883,1.0,1.0,1.0000000000249574,0.9999997076922988,0.9999970134780815,1.0000281541051894
3.1176470588235294,1.0,1.0,1.0000000000141658,0.9999997432667143,0.9999972174537987,0.9999728661031141
3.1323529411764706,1.0,1.0,1.0000000000050493,0.9999998039487665,0.9999977427469436,0.9999278037619187
3.1470588235294117,1.0,1.0,0.9999999999981681,0.9999998769574399,0.9999984660968996,0.9998976869109198
3.1617647058823533,1.0,1.0,0.9999999999936433,0.9999999505681583,0.9999992602910571,0.9998846952814276
3.1764705882352944,1.0,1.0,0.999999999991279,1.0000000153754738,1.0000000111648017,0.9998884859987588
3.1911764705882355,1.0,1.0,0.9999999999906841,1.0000000650053704,1.0000006299707211,0.9999065419778023
3.2058823529411766,1.0,1.0,0.9999999999913793,1.000000096299793,1.0000010603365939,0.9999347654673388
3.2205882352941178,1.0,1.0,0.999999999992881,1.0000001090579413,1.0000012798613753,0.9999682089314738
3.235294117647059,1.0,1.0,0.9999999999947604,1.000000105457496,1.0000012970774057,1.000001830282259
3.25,1.0,1.0,0.9999999999966769,1.0000000892941436,1.0000011449745527,1.0000311698401685
3.264705882352941,1.0,1.0,0.999999999998392,1.0000000651724128,1.0000008725148375,1.0000528690635946
3.2794117647058822,1.0,1.0,0.9999999999997646,1.0000000377598077,1.0000005355752333,1.0000649815847709
3.2941176470588234,1.0,1.0,1.0000000000007385,1.000000011185361,1.0000001885795247,1.0000670604505846
3.3088235294117645,1.0,1.0,1.0000000000013223,0.999999988628951,0.9999998777723899,1.000060036944462
3.3235294117647056,1.0,1.0,1.000000000001568,0.999999972114201,0.9999996367124552,1.0000459320308819
3.3382352941176467,1.0,1.0,1.0000000000015519,0.9999999624894915,0.9999994841761933,1.000027458627482
3.352941176470588,1.0,1.0,1.000000000001357,0.9999999595610509,0.9999994243220086,1.000007580327126
3.367647058823529,1.0,1.0,1.0000000000010618,0.9999999623302775,0.999999448700244,0.9999890900556404
3.382352941176471,1.0,1.0,1.0000000000007327,0.9999999692840724,0.999999539530216,0.9999742618903812
3.397058823529412,1.0,1.0,1.0000000000004194,0.9999999786907434,0.9999996736036271,0.9999646132110448
3.4117647058823533,1.0,1.0,1.000000000000154,0.9999999888630278,0.9999998262048467,0.9999607953225834
3.4264705882352944,1.0,1.0,0.9999999999999534,0.9999999983617838,0.9999999745424307,0.9999626115508543
3.4411764705882355,1.0,1.0,0.999999999999821,1.0000000061267844,1.000000100336891,0.9999691451042282
3.4558823529411766,1.0,1.0,0.9999999999997513,1.000000011533011,1.0000001913796812,0.9999789666321072
3.4705882352941178,1.0,1.0,0.9999999999997331,1.0000000143805665,1.000000242042477,0.9999903845039347
3.485294117647059,1.0,1.0,0.9999999999997526,1.000000014833042,1.0000002528540757,1.0000016996361563
3.5,1.0,1.0,0.9999999999997959,1.0000000133226354,1.0000002293613808,1.0000114306812922
3.514705882352941,1.0,1.0,0.9999999999998503,1.0000000104407816,1.0000001805450796,1.00001848341374
3.5294117647058822,1.0,1.0,0.9999999999999059,1.0000000068310424,1.0000001170706467,1.0000222486576336
3.5441176470588234,1.0,1.0,0.9999999999999556,1.0000000030973042,1.0000000496275965,1.0000226244163128
3.5588235294117645,1.0,1.0,0.9999999999999956,0.9999999997357301,0.9999999875545874,1.0000199683905837
3.5735294117647056,1.0,1.0,1.0000000000000238,0.9999999970941982,0.9999999378769503,1.0000149955187334
3.5882352941176467,1.0,1.0,1.0000000000000404,0.9999999953587246,0.999999904808302,1.00000864067046
3.602941176470588,1.0,1.0,1.0000000000000473,0.9999999945630704,0.9999998896994128,1.0000019088076302
3.617647058823529,1.0,1.0,1.0000000000000466,0.9999999946155862,0.9999998913630713,0.999995733898002
3.632352941176471,1.0,1.0,1.0000000000000409,0.9999999953363887,0.9999999066678759,0.9999908641546876
3.647058823529412,1.0,1.0,1.0000000000000322,0.9999999964980679,0.99999993127802,0.9999877855872333
3.6617647058823533,1.0,1.0,1.0000000000000226,0.999999997864073,0.9999999604188156,0.9999866893524371
3.6764705882352944,1.0,1.0,1.0000000000000138,0.9999999992204089,0.9999999895653061,0.9999874819515931
3.6911764705882355,1.0,1.0,1.0000000000000064,1.0000000003980132,1.0000000149790529,0.9999898317793131
3.7058823529411766,1.0,1.0,1.000000000000001,1.0000000012848975,1.0000000340506754,0.9999932415108218
3.7205882352941178,1.0,1.0,0.9999999999999978,1.0000000018286106,1.000000045438019,0.9999971336670636
3.735294117647059,1.0,1.0,0.9999999999999962,1.0000000020306903,1.0000000490177865,1.0000009364787594
3.75,1.0,1.0,0.999999999999996,1.0000000019354407,1.0000000456892943,1.0000041586787018
3.764705882352941,1.0,1.0,0.9999999999999969,1.0000000016156099,1.0000000370812396,1.0000064446795225
3.7794117647058822,1.0,1.0,0.9999999999999982,1.0000000011574057,1.0000000252159575,1.0000076052100102
3.7941176470588234,1.0,1.0,0.9999999999999998,1.0000000006468754,1.0000000121816142,1.0000076223147936
3.8088235294117645,1.0,1.0,1.0000000000000013,1.0000000001590879,0.9999999998529897,1.0000066311380706
3.8235294117647056,1.0,1.0,1.0000000000000027,0.9999999997509086,0.9999999896882025,1.0000048836858877
3.8382352941176467,1.0,1.0,1.0000000000000038,0.9999999994575481,0.9999999826142228,1.0000027015162454
3.852941176470588,1.0,1.0,1.0000000000000044,0.9999999992925455,0.999999979000414,1.000000424932849
3.867647058823529,1.0,1.0,1.0000000000000049,0.9999999992504871,0.9999999787081785,0.999998365809505
3.882352941176471,1.0,1.0,1.000000000000005,0.9999999993115618,0.9999999811971049,0.9999967698364659
3.897058823529412,1.0,1.0,1.0000000000000049,0.9999999994470001,0.9999999856641743,0.9999957920403205
3.9117647058823533,1.0,1.0,1.0000000000000044,0.9999999996245319,0.9999999911924179,0.9999954872139724
3.9264705882352944,1.0,1.0,1.000000000000004,0.9999999998131712,0.9999999968883247,0.9999958147283151
3.9411764705882355,1.0,1.0,1.0000000000000036,0.9999999999868616,1.0000000019923354,0.9999966553622065
3.9558823529411766,1.0,1.0,1.000000000000003,1.0000000001267542,1.0000000059529353,0.9999978364848355
3.9705882352941178,1.0,1.0,1.0000000000000029,1.000000000222112,1.0000000084611822,0.999999161262524
3.985294117647059,1.0,1.0,1.0000000000000029,1.000000000270008,1.0000000094481216,1.0000004375508134
4.0,1.0,1.0,1.000000000000003,1.0000000002740972,1.000000009051875,1.000001502695663
4.014705882352941,1.0,1.0,1.0000000000000033,1.0000000002428124,1.0000000075639008,1.0000022414613872
4.029411764705882,1.0,1.0,1.0000000000000033,1.0000000001873244,1.0000000053649443,1.0000025955446308
4.044117647058823,1.0,1.0,1.0000000000000033,1.0000000001195737,1.000000002860679,1.0000025644295372
4.0588235294117645,1.0,1.0,1.0000000000000033,1.0000000000506084,1.0000000004253515,1.0000021985117176
4.073529411764706,1.0,1.0,1.0000000000000033,0.999999999989373,0.9999999983592592,1.0000015863277438
4.088235294117647,1.0,1.0,1.0000000000000033,0.999999999942009,0.9999999968631076,1.0000008382842962
4.102941176470588,1.0,1.0,1.0000000000000033,0.9999999999116547,0.9999999960295983,1.000000069455477
4.117647058823529,1.0,1.0,1.0000000000000033,0.9999999998986624,0.999999995850332,0.999999383831171
4.132352941176471,1.0,1.0,1.0000000000000033,0.9999999999011235,0.9999999962344753,0.9999988619214476
4.147058823529412,1.0,1.0,1.0000000000000033,0.9999999999155706,0.9999999970347516,0.9999985529500427
4.161764705882353,1.0,1.0,1.0000000000000033,0.9999999999377334,0.999999998076147,0.9999984721159868
4.176470588235294,1.0,1.0,1.0000000000000033,0.9999999999632414,0.999999999183178,0.9999986026758306
4.1911764705882355,1.0,1.0,1.0000000000000033,0.9999999999881952,1.0000000002024747,0.9999989019923142
4.205882352941177,1.0,1.0,1.0000000000000033,1.0000000000095621,1.0000000010185996,0.999999310274366
4.220588235294118,1.0,1.0,1.0000000000000033,1.000000000025381,1.0000000015622492,0.9999997605312848
4.235294117647059,1.0,1.0,1.0000000000000033,1.0000000000347908,1.0000000018111141,1.000000188281188
4.25,1.0,1.0,1.0000000000000033,1.0000000000379141,1.0000000017845647,1.0000005397616727
4.264705882352941,1.0,1.0,1.0000000000000033,1.0000000000356413,1.0000000015339172,1.000000777738804
4.279411764705882,1.0,1.0,1.0000000000000033,1.0000000000293618,1.0000000011302979,1.0000008844361892
4.294117647058823,1.0,1.0,1.0000000000000033,1.0000000000206866,1.0000000006520777,1.0000008615435299
4.3088235294117645,1.0,1.0,1.0000000000000033,1.000000000011199,1.00000000017356,1.000000727654463
4.323529411764706,1.0,1.0,1.0000000000000033,1.0000000000022613,0.9999999997561569,1.0000005137808197
4.338235294117647,1.0,1.0,1.0000000000000033,0.9999999999948872,0.9999999994427579,1.0000002577666045
4.352941176470588,1.0,1.0,1.0000000000000033,0.9999999999896865,0.9999999992554544,0.9999999984713018
4.367647058823529,1.0,1.0,1.0000000000000033,0.9999999999868701,0.9999999991963265,0.9999997705180846
4.382352941176471,1.0,1.0,1.0000000000000033,0.9999999999863056,0.9999999992506555,0.9999996002323276
4.397058823529412,1.0,1.0,1.0000000000000033,0.9999999999876037,0.9999999993917338,0.9999995031635426
4.411764705882353,1.0,1.0,1.0000000000000033,0.9999999999902194,0.9999999995863736,0.999999483327591
4.426470588235294,1.0,1.0,1.0000000000000033,0.9999999999935536,0.9999999998002923,0.9999995340624891
4.4411764705882355,1.0,1.0,1.0000000000000033,0.9999999999970388,1.0000000000027003,0.999999640190932
4.455882352941177,1.0,1.0,1.0000000000000033,1.0000000000002038,1.000000000169644,0.9999997810470428
4.470588235294118,1.0,1.0,1.0000000000000033,1.0000000000027143,1.000000000285887,0.9999999338639344
4.485294117647059,1.0,1.0,1.0000000000000033,1.0000000000043867,1.0000000003453462,1.0000000770315411
4.5,1.0,1.0,1.0000000000000033,1.000000000005182,1.0000000003502791,1.0000001928102566
4.514705882352941,1.0,1.0,1.0000000000000033,1.0000000000051812,1.0000000003095428,1.0000002692075585
4.529411764705882,1.0,1.0,1.0000000000000033,1.000000000004548,1.000000000236309,1.000000300870484
4.544117647058823,1.0,1.0,1.0000000000000033,1.0000000000034919,1.0000000001456224,1.0000002889944213
4.5588235294117645,1.0,1.0,1.0000000000000033,1.0000000000022324,1.0000000000521478,1.0000002403784656
4.573529411764706,1.0,1.0,1.0000000000000033,1.000000000000969,0.999999999968357,1.0000001658545914
4.588235294117647,1.0,1.0,1.0000000000000033,0.9999999999998597,0.9999999999033095,1.0000000783732217
4.602941176470588,1.0,1.0,1.0000000000000033,0.9999999999990106,0.9999999998620847,0.999999991039182
4.617647058823529,1.0,1.0,1.0000000000000033,0.9999999999984737,0.999999999845823,0.9999999153632569
4.632352941176471,1.0,1.0,1.0000000000000033,0.9999999999982521,0.999999999852265,0.9999998599342427
4.647058823529412,1.0,1.0,1.0000000000000033,0.9999999999983094,0.9999999998766321,0.9999998296362679
4.661764705882353,1.0,1.0,1.0000000000000033,0.999999999998582,0.9999999999126771,0.9999998254491914
4.676470588235294,1.0,1.0,1.0000000000000033,0.9999999999989932,0.9999999999537393,0.9999998447883723
4.6911764705882355,1.0,1.0,1.0000000000000033,0.9999999999994649,0.999999999993671,0.9999998822741601
4.705882352941177,1.0,1.0,1.0000000000000033,0.9999999999999276,1.000000000027539,0.9999999307778945
4.720588235294118,1.0,1.0,1.0000000000000033,1.0000000000003273,1.0000000000520501,0.9999999825731035
4.735294117647059,1.0,1.0,1.0000000000000033,1.0000000000006284,1.000000000065689,1.0000000304272856
4.75,1.0,1.0,1.0000000000000033,1.0000000000008145,1.0000000000686013,1.000000068497287
4.764705882352941,1.0,1.0,1.0000000000000033,1.0000000000008864,1.0000000000622828,1.0000000929336812
4.779411764705882,1.0,1.0,1.0000000000000033,1.0000000000008589,1.0000000000491538,1.000000102149337
4.794117647058823,1.0,1.0,1.0000000000000033,1.0000000000007554,1.0000000000320874,1.000000096757078
4.8088235294117645,1.0,1.0,1.0000000000000033,1.0000000000006044,1.0000000000139606,1.0000000792244306
4.823529411764706,1.0,1.0,1.0000000000000033,1.0000000000004343,0.9999999999972823,1.0000000533250315
4.838235294117647,1.0,1.0,1.0000000000000033,1.0000000000002705,0.9999999999839374,1.0000000234835404
4.852941176470588,1.0,1.0,1.0000000000000033,1.0000000000001315,0.999999999975053,0.999999994113323
4.867647058823529,1.0,1.0,1.0000000000000033,1.0000000000000289,0.999999999970986,0.9999999690351994
4.882352941176471,1.0,1.0,1.0000000000000033,0.9999999999999676,0.999999999971415,0.9999999510442493
4.897058823529412,1.0,1.0,1.0000000000000033,0.9999999999999467,0.9999999999755015,0.99999994166407
4.911764705882353,1.0,1.0,1.0000000000000033,0.9999999999999609,0.9999999999820864,0.999999941098407
4.926470588235294,1.0,1.0,1.0000000000000033,1.0000000000000013,0.9999999999898926,0.9999999483628333
4.9411764705882355,1.0,1.0,1.0000000000000033,1.0000000000000573,0.9999999999977068,0.9999999615574681
4.955882352941177,1.0,1.0,1.0000000000000033,1.0000000000001186,1.0000000000045237,0.9999999782277847
4.970588235294118,1.0,1.0,1.0000000000000033,1.0000000000001763,1.0000000000096396,0.9999999957552984
4.985294117647059,1.0,1.0,1.0000000000000033,1.0000000000002234,1.0000000000126932,1.0000000117229542
5.0,1.0,1.0,1.0000000000000033,1.000000000000255,1.0000000000136533,1.0000000242100198
5.014705882352941,1.0,1.0,1.0000000000000033,1.0000000000002696,1.0000000000127651,1.0000000319860192
5.029411764705882,1.0,1.0,1.0000000000000033,1.0000000000002691,1.000000000010471,1.0000000345902391
5.044117647058823,1.0,1.0,1.0000000000000033,1.0000000000002571,1.000000000007318,1.0000000323000675
5.0588235294117645,1.0,1.0,1.0000000000000033,1.0000000000002371,1.0000000000038674,1.0000000260057007
5.073529411764706,1.0,1.0,1.0000000000000033,1.0000000000002132,1.0000000000006202,1.0000000170190022
5.088235294117647,1.0,1.0,1.0000000000000033,1.0000000000001883,0.9999999999979626,1.0000000068496533
5.102941176470588,1.0,1.0,1.0000000000000033,1.0000000000001652,0.9999999999961348,0.9999999969820815
5.117647058823529,1.0,1.0,1.0000000000000033,1.000000000000146,0.9999999999952262,0.9999999886825249
5.132352941176471,1.0,1.0,1.0000000000000033,1.0000000000001315,0.9999999999951924,0.9999999828580871
5.147058823529412,1.0,1.0,1.0000000000000033,1.0000000000001208,0.9999999999958843,0.9999999799801386
5.161764705882353,1.0,1.0,1.0000000000000033,1.0000000000001137,0.999999999997086,0.9999999800744382
5.176470588235294,1.0,1.0,1.0000000000000033,1.0000000000001101,0.9999999999985542,0.9999999827712632
5.1911764705882355,1.0,1.0,1.0000000000000033,1.000000000000111,1.0000000000000544,0.9999999874017201
5.205882352941177,1.0,1.0,1.0000000000000033,1.0000000000001172,1.0000000000013893,0.9999999931219782
5.220588235294118,1.0,1.0,1.0000000000000033,1.0000000000001288,1.000000000002416,0.9999999990456753
5.235294117647059,1.0,1.0,1.0000000000000033,1.0000000000001443,1.0000000000030556,1.0000000043660409
5.25,1.0,1.0,1.0000000000000033,1.000000000000162,1.0000000000032918,1.0000000084528535
5.264705882352941,1.0,1.0,1.0000000000000033,1.0000000000001794,1.000000000003163,1.0000000109144498
5.279411764705882,1.0,1.0,1.0000000000000033,1.0000000000001945,1.0000000000027465,1.0000000116207861
5.294117647058823,1.0,1.0,1.0000000000000033,1.000000000000206,1.0000000000021407,1.0000000106891855
5.3088235294117645,1.0,1.0,1.0000000000000033,1.000000000000214,1.0000000000014506,1.0000000084391356
5.3235294117647065,1.0,1.0,1.0000000000000033,1.0000000000002198,1.000000000000772,1.000000005325827
5.338235294117648,1.0,1.0,1.0000000000000033,1.0000000000002243,1.0000000000001823,1.0000000018637696
5.352941176470589,1.0,1.0,1.0000000000000033,1.0000000000002274,0.9999999999997363,0.9999999985517628
5.36764705882353,1.0,1.0,1.0000000000000033,1.0000000000002283,0.9999999999994628,0.9999999958089497
5.382352941176471,1.0,1.0,1.0000000000000033,1.0000000000002265,0.9999999999993651,0.9999999939290624
5.397058823529412,1.0,1.0,1.0000000000000033,1.0000000000002225,0.9999999999994237,0.9999999930567095
5.411764705882353,1.0,1.0,1.0000000000000033,1.0000000000002163,0.9999999999996013,0.9999999931861846
5.426470588235294,1.0,1.0,1.0000000000000033,1.0000000000002078,0.9999999999998527,0.9999999941802472
5.4411764705882355,1.0,1.0,1.0000000000000033,1.000000000000198,1.0000000000001317,0.9999999958040052
5.455882352941177,1.0,1.0,1.0000000000000033,1.0000000000001887,1.0000000000003981,0.9999999977676247
5.470588235294118,1.0,1.0,1.0000000000000033,1.0000000000001807,1.000000000000622,0.9999999997711794
5.485294117647059,1.0,1.0,1.0000000000000033,1.000000000000175,1.0000000000007845,1.000000001545465
5.5,1.0,1.0,1.0000000000000033,1.0000000000001719,1.0000000000008777,1.0000000028838656
5.514705882352941,1.0,1.0,1.0000000000000033,1.0000000000001723,1.0000000000009044,1.0000000036621284
5.529411764705882,1.0,1.0,1.0000000000000033,1.0000000000001763,1.000000000000876,1.0000000038448844
5.544117647058823,1.0,1.0,1.0000000000000033,1.0000000000001834,1.0000000000008111,1.0000000034796388
5.5588235294117645,1.0,1.0,1.0000000000000033,1.0000000000001923,1.0000000000007312,1.0000000026805305
5.5735294117647065,1.0,1.0,1.0000000000000033,1.000000000000202,1.0000000000006575,1.0000000016052466
5.588235294117648,1.0,1.0,1.0000000000000033,1.0000000000002114,1.0000000000006077,1.0000000004289689
5.602941176470589,1.0,1.0,1.0000000000000033,1.0000000000002185,1.0000000000005935,0.9999999993191472
5.61764705882353,1.0,1.0,1.0000000000000033,1.000000000000222,1.0000000000006193,0.9999999984143279
5.632352941176471,1.0,1.0,1.0000000000000033,1.0000000000002216,1.0000000000006832,0.9999999978093451
5.647058823529412,1.0,1.0,1.0000000000000033,1.0000000000002176,1.0000000000007783,0.9999999975480679
5.661764705882353,1.0,1.0,1.0000000000000033,1.000000000000211,1.0000000000008946,0.9999999976237496
5.676470588235294,1.0,1.0,1.0000000000000033,1.0000000000002025,1.0000000000010199,0.9999999979860233
5.6911764705882355,1.0,1.0,1.0000000000000033,1.000000000000194,1.0000000000011398,0.9999999985528188
5.705882352941177,1.0,1.0,1.0000000000000033,1.000000000000187,1.0000000000012383,0.9999999992250234
5.720588235294118,1.0,1.0,1.0000000000000033,1.0000000000001825,1.0000000000013014,0.9999999999016155
5.735294117647059,1.0,1.0,1.0000000000000033,1.0000000000001812,1.00000000000132,1.0000000004932135
5.75,1.0,1.0,1.0000000000000033,1.0000000000001825,1.0000000000012925,1.0000000009324461
5.764705882352941,1.0,1.0,1.0000000000000033,1.0000000000001856,1.0000000000012241,1.00000000118016
5.779411764705882,1.0,1.0,1.0000000000000033,1.0000000000001896,1.0000000000011247,1.0000000012271553
5.794117647058823,1.0,1.0,1.0000000000000033,1.000000000000194,1.0000000000010065,1.000000001091764
5.8088235294117645,1.0,1.0,1.0000000000000033,1.0000000000001994,1.0000000000008822,1.0000000008140955
5.8235294117647065,1.0,1.0,1.0000000000000033,1.000000000000206,1.0000000000007623,1.0000000004481073
5.838235294117648,1.0,1.0,1.0000000000000033,1.0000000000002132,1.0000000000006548,1.0000000000528058
5.852941176470589,1.0,1.0,1.0000000000000033,1.0000000000002198,1.000000000000565,0.9999999996838448
5.86764705882353,1.0,1.0,1.0000000000000033,1.0000000000002252,1.0000000000004958,0.9999999993865972
5.882352941176471,1.0,1.0,1.0000000000000033,1.0000000000002283,1.0000000000004488,0.999999999191436
5.897058823529412,1.0,1.0,1.0000000000000033,1.0000000000002283,1.0000000000004248,0.9999999991115763
5.911764705882353,1.0,1.0,1.0000000000000033,1.0000000000002247,1.0000000000004239,0.9999999991434477
5.926470588235294,1.0,1.0,1.0000000000000033,1.0000000000002176,1.0000000000004452,0.9999999992692333
5.9411764705882355,1.0,1.0,1.0000000000000033,1.000000000000207,1.000000000000487,0.9999999994609688
5.955882352941177,1.0,1.0,1.0000000000000033,1.0000000000001932,1.0000000000005456,0.9999999996854666
5.970588235294118,1.0,1.0,1.0000000000000033,1.000000000000178,1.0000000000006148,0.9999999999093178
5.985294117647059,1.0,1.0,1.0000000000000033,1.0000000000001639,1.000000000000686,1.0000000001033085
6.0,1.0,1.0,1.0000000000000033,1.0000000000001532,1.0000000000007498,1.0000000002457412
6.014705882352941,1.0,1.0,1.0000000000000033,1.0000000000001483,1.0000000000008005,1.0000000003243654
6.029411764705882,1.0,1.0,1.0000000000000033,1.0000000000001505,1.0000000000008342,1.000000000336831
6.044117647058823,1.0,1.0,1.0000000000000033,1.0000000000001599,1.000000000000852,1.000000000289786
6.0588235294117645,1.0,1.0,1.0000000000000033,1.000000000000175,1.0000000000008582,1.0000000001969092
6.0735294117647065,1.0,1.0,1.0000000000000033,1.0000000000001936,1.00000000000086,1.0000000000762652
6.088235294117648,1.0,1.0,1.0000000000000033,1.0000000000002132,1.0000000000008644,0.9999999999474082
6.102941176470589,1.0,1.0,1.0000000000000033,1.0000000000002305,1.0000000000008769,0.9999999998286312
6.11764705882353,1.0,1.0,1.0000000000000033,1.000000000000243,1.0000000000009,0.9999999997346974
6.132352941176471,1.0,1.0,1.0000000000000033,1.0000000000002491,1.0000000000009337,0.9999999996752925
6.147058823529412,1.0,1.0,1.0000000000000033,1.0000000000002487,1.0000000000009754,0.99999999965432
6.161764705882353,1.0,1.0,1.0000000000000033,1.0000000000002425,1.0000000000010216,0.9999999996700398
6.176470588235294,1.0,1.0,1.0000000000000033,1.0000000000002327,1.000000000001067,0.9999999997159453
6.1911764705882355,1.0,1.0,1.0000000000000033,1.000000000000222,1.0000000000011051,0.9999999997821839
6.206068503350708,1.0,1.0,1.0000000000000033,1.0000000000002132,1.0000000000011309,0.9999999998572696
6.2209605361131795,1.0,1.0,1.0000000000000033,1.0000000000002074,1.0000000000011415,0.9999999999298267
6.235852568875652,1.0,1.0,1.0000000000000033,1.0000000000002043,1.000000000001137,0.9999999999901269
6.250744601638123,1.0,1.0,1.0000000000000033,1.0000000000002034,1.0000000000011184,1.0000000000312284
6.265636634400596,1.0,1.0,1.0000000000000033,1.0000000000002034,1.0000000000010865,1.0000000000495994
6.280528667163068,1.0,1.0,1.0000000000000033,1.000000000000203,1.0000000000010412,1.000000000045202
6.29542069992554,1.0,1.0,1.0000000000000033,1.0000000000002007,1.0000000000009825,1.0000000000210827
6.310312732688012,1.0,1.0,1.0000000000000033,1.0000000000001958,1.0000000000009133,0.9999999999825783
6.325204765450485,1.0,1.0,1.0000000000000033,1.0000000000001887,1.0000000000008378,0.9999999999362997
6.340096798212956,1.0,1.0,1.0000000000000033,1.0000000000001807,1.0000000000007614,0.9999999998890708
6.3549888309754285,1.0,1.0,1.0000000000000033,1.0000000000001732,1.0000000000006912,0.9999999998469756
6.3698808637379,1.0,1.0,1.0000000000000033,1.0000000000001674,1.0000000000006353,0.9999999998146264
6.3847728965003725,1.0,1.0,1.0000000000000033,1.0000000000001652,1.0000000000006015,0.9999999997947205
6.399664929262845,1.0,1.0,1.0000000000000033,1.0000000000001683,1.0000000000005953,0.9999999997879082
6.4145569620253164,1.0,1.0,1.0000000000000033,1.0000000000001772,1.0000000000006166,0.9999999997929575
6.429448994787789,1.0,1.0,1.0000000000000033,1.0000000000001905,1.0000000000006601,0.9999999998071657
6.44434102755026,1.0,1.0,1.0000000000000033,1.0000000000002047,1.000000000000716,0.9999999998269294
6.459233060312733,1.0,1.0,1.0000000000000033,1.0000000000002163,1.000000000000773,0.9999999998483718
6.474125093075205,1.0,1.0,1.0000000000000033,1.0000000000002225,1.00000000000082,0.9999999998679358
6.489017125837677,1.0,1.0,1.0000000000000033,1.0000000000002225,1.0000000000008493,0.9999999998828687
6.503909158600149,1.0,1.0,1.0000000000000033,1.0000000000002176,1.0000000000008555,0.9999999998915418
6.518801191362622,1.0,1.0,1.0000000000000033,1.0000000000002105,1.0000000000008369,0.9999999998935739
6.533693224125093,1.0,1.0,1.0000000000000033,1.0000000000002043,1.000000000000797,0.9999999998897574
6.5485852568875655,1.0,1.0,1.0000000000000033,1.000000000000202,1.0000000000007427,0.9999999998818091
6.563477289650037,1.0,1.0,1.0000000000000033,1.0000000000002052,1.0000000000006832,0.9999999998719983
6.5783693224125095,1.0,1.0,1.0000000000000033,1.0000000000002132,1.0000000000006273,0.999999999862715
6.593261355174982,1.0,1.0,1.0000000000000033,1.0000000000002243,1.000000000000582,0.9999999998560466
6.608153387937453,1.0,1.0,1.0000000000000033,1.0000000000002354,1.000000000000551,0.9999999998534318
6.623045420699926,1.0,1.0,1.0000000000000033,1.0000000000002434,1.000000000000534,0.9999999998554471
6.637937453462397,1.0,1.0,1.0000000000000033,1.0000000000002465,1.0000000000005305,0.999999999861754
6.65282948622487,1.0,1.0,1.0000000000000033,1.0000000000002447,1.0000000000005411,0.9999999998712042
6.667721518987342,1.0,1.0,1.0000000000000033,1.000000000000239,1.0000000000005669,0.9999999998820756
6.682613551749814,1.0,1.0,1.0000000000000033,1.0000000000002305,1.0000000000006086,0.9999999998923953
6.697505584512286,1.0,1.0,1.0000000000000033,1.0000000000002212,1.0000000000006664,0.9999999999002983
6.712397617274759,1.0,1.0,1.0000000000000033,1.0000000000002118,1.0000000000007374,0.9999999999043679
6.72728965003723,1.0,1.0,1.0000000000000033,1.0000000000002025,1.0000000000008156,0.9999999999039052
6.7421816827997025,1.0,1.0,1.0000000000000033,1.0000000000001936,1.000000000000891,0.9999999998990753
6.757073715562175,1.0,1.0,1.0000000000000033,1.000000000000186,1.0000000000009523,0.9999999998908952
6.7719657483246465,1.0,1.0,1.0000000000000033,1.0000000000001807,1.0000000000009888,0.9999999998810497
6.786857781087119,1.0,1.0,1.0000000000000033,1.000000000000178,1.0000000000009932,0.9999999998715657
6.80174981384959,1.0,1.0,1.0000000000000033,1.000000000000178,1.0000000000009648,0.9999999998644106
6.816641846612063,1.0,1.0,1.0000000000000033,1.0000000000001812,1.0000000000009088,0.9999999998611048
6.831533879374534,1.0,1.0,1.0000000000000033,1.0000000000001878,1.000000000000836,0.9999999998624317
6.846425912137007,1.0,1.0,1.0000000000000033,1.000000000000198,1.0000000000007605,0.9999999998682972
6.861317944899479,1.0,1.0,1.0000000000000033,1.000000000000211,1.0000000000006966,0.9999999998777599
6.876209977661951,1.0,1.0,1.0000000000000033,1.0000000000002243,1.000000000000654,0.9999999998892094
6.891102010424423,1.0,1.0,1.0000000000000033,1.0000000000002363,1.0000000000006344,0.9999999999006509
6.905994043186896,1.0,1.0,1.0000000000000033,1.0000000000002451,1.0000000000006326,0.9999999999100487
6.920886075949367,1.0,1.0,1.0000000000000033,1.0000000000002496,1.0000000000006388,0.9999999999156727
6.9357781087118395,1.0,1.0,1.0000000000000033,1.0000000000002496,1.0000000000006424,0.9999999999163832
6.950670141474312,1.0,1.0,1.0000000000000033,1.000000000000246,1.0000000000006353,0.9999999999118073
6.9655621742367835,1.0,1.0,1.0000000000000033,1.0000000000002403,1.000000000000614,0.9999999999023855
6.980454206999256,1.0,1.0,1.0000000000000033,1.0000000000002331,1.0000000000005793,0.9999999998892964
6.995346239761727,1.0,1.0,1.0000000000000033,1.0000000000002256,1.0000000000005358,0.9999999998742729
7.0102382725242,1.0,1.0,1.0000000000000033,1.000000000000218,1.0000000000004923,0.9999999998593355
7.025130305286671,1.0,1.0,1.0000000000000033,1.000000000000211,1.0000000000004594,0.9999999998464791
7.040022338049144,1.0,1.0,1.0000000000000033,1.0000000000002047,1.000000000000446,0.9999999998373549
7.054914370811616,1.0,1.0,1.0000000000000033,1.0000000000002007,1.0000000000004576,0.9999999998330055
7.069806403574088,1.0,1.0,1.0000000000000033,1.000000000000199,1.0000000000004958,0.9999999998336991
7.08469843633656,1.0,1.0,1.0000000000000033,1.000000000000199,1.0000000000005589,0.9999999998388852
7.099590469099033,1.0,1.0,1.0000000000000033,1.0000000000001998,1.0000000000006424,0.9999999998472803
7.114482501861504,1.0,1.0,1.0000000000000033,1.0000000000001998,1.00000000000074,0.999999999857084
7.1293745346239765,1.0,1.0,1.0000000000000033,1.0000000000001976,1.0000000000008449,0.9999999998662908
7.144266567386449,1.0,1.0,1.0000000000000033,1.0000000000001932,1.000000000000948,0.9999999998730446
7.1591586001489205,1.0,1.0,1.0000000000000033,1.000000000000187,1.0000000000010403,0.9999999998759675
7.174050632911393,1.0,1.0,1.0000000000000033,1.0000000000001799,1.000000000001113,0.9999999998743955
7.188942665673864,1.0,1.0,1.0000000000000033,1.0000000000001732,1.0000000000011584,0.9999999998684722
7.203834698436337,1.0,1.0,1.0000000000000033,1.0000000000001683,1.0000000000011708,0.9999999998590948
7.218726731198808,1.0,1.0,1.0000000000000033,1.000000000000166,1.0000000000011477,0.9999999998477306
7.233618763961281,1.0,1.0,1.0000000000000033,1.000000000000167,1.00000000000109,0.9999999998361461
7.248510796723753,1.0,1.0,1.0000000000000033,1.00000000000017,1.0000000000010039,0.9999999998261061
7.263402829486225,1.0,1.0,1.0000000000000033,1.0000000000001745,1.0000000000009017,0.9999999998191055
7.278294862248697,1.0,1.0,1.0000000000000033,1.0000000000001794,1.0000000000007996,0.9999999998161789
7.29318689501117,1.0,1.0,1.0000000000000033,1.0000000000001843,1.0000000000007143,0.9999999998178016
7.308078927773641,1.0,1.0,1.0000000000000033,1.0000000000001896,1.0000000000006601,0.9999999998238723
7.3229709605361135,1.0,1.0,1.0000000000000033,1.0000000000001963,1.000000000000645,0.9999999998337622
7.337862993298586,1.0,1.0,1.0000000000000033,1.0000000000002052,1.0000000000006708,0.9999999998464134
7.3527550260610575,1.0,1.0,1.0000000000000033,1.0000000000002158,1.000000000000733,0.9999999998604857
7.36764705882353,1.0,1.0,1.0000000000000033,1.0000000000002274,1.0000000000008218,0.9999999998745358
7.382352941176471,1.0,1.0,1.0000000000000033,1.0000000000002376,1.000000000000923,0.9999999998872083
7.397244973938943,1.0,1.0,1.0000000000000033,1.0000000000002442,1.0000000000010207,0.9999999998974037
7.412137006701415,1.0,1.0,1.0000000000000033,1.0000000000002456,1.000000000001099,0.9999999999043973
7.427029039463887,1.0,1.0,1.0000000000000033,1.0000000000002411,1.0000000000011442,0.9999999999078896
7.441921072226359,1.0,1.0,1.0000000000000033,1.0000000000002318,1.0000000000011469,0.9999999999079917
7.456813104988831,1.0,1.0,1.0000000000000033,1.0000000000002194,1.0000000000011025,0.9999999999051655
7.471705137751304,1.0,1.0,1.0000000000000033,1.0000000000002056,1.0000000000010127,0.9999999999001375
7.486597170513775,1.0,1.0,1.0000000000000033,1.0000000000001923,1.0000000000008857,0.9999999998937986
7.501489203276248,1.0,1.0,1.0000000000000033,1.0000000000001816,1.0000000000007347,0.9999999998870964
7.51638123603872,1.0,1.0,1.0000000000000033,1.0000000000001754,1.0000000000005758,0.9999999998809325
7.531273268801192,1.0,1.0,1.0000000000000033,1.000000000000174,1.0000000000004248,0.9999999998760688
7.546165301563664,1.0,1.0,1.0000000000000033,1.0000000000001772,1.000000000000296,0.9999999998730481
7.561057334326136,1.0,1.0,1.0000000000000033,1.0000000000001834,1.0000000000002018,0.9999999998721306
7.575949367088608,1.0,1.0,1.0000000000000033,1.0000000000001905,1.000000000000152,0.9999999998732604
7.59084139985108,1.0,1.0,1.0000000000000033,1.0000000000001963,1.0000000000001512,0.9999999998760706
7.605733432613552,1.0,1.0,1.0000000000000033,1.000000000000199,1.0000000000001974,0.9999999998799342
7.620625465376024,1.0,1.0,1.0000000000000033,1.0000000000001976,1.0000000000002827,0.9999999998840509
7.635517498138497,1.0,1.0,1.0000000000000033,1.0000000000001923,1.0000000000003928,0.9999999998875618
7.650409530900968,1.0,1.0,1.0000000000000033,1.0000000000001839,1.00000000000051,0.9999999998896748
7.665301563663441,1.0,1.0,1.0000000000000033,1.000000000000174,1.0000000000006175,0.9999999998897787
7.680193596425912,1.0,1.0,1.0000000000000033,1.0000000000001656,1.0000000000007037,0.999999999887529
7.695085629188385,1.0,1.0,1.0000000000000033,1.0000000000001612,1.0000000000007632,0.9999999998828891
7.709977661950857,1.0,1.0,1.0000000000000033,1.000000000000162,1.0000000000007951,0.9999999998761319
7.724869694713329,1.0,1.0,1.0000000000000033,1.0000000000001679,1.0000000000008005,0.9999999998678052
7.739761727475801,1.0,1.0,1.0000000000000033,1.0000000000001776,1.0000000000007818,0.9999999998586676
7.754653760238273,1.0,1.0,1.0000000000000033,1.0000000000001896,1.0000000000007454,0.9999999998495949
7.769545793000745,1.0,1.0,1.0000000000000033,1.000000000000202,1.0000000000006983,0.9999999998414689
7.784437825763217,1.0,1.0,1.0000000000000033,1.000000000000214,1.0000000000006486,0.9999999998350634
7.799329858525689,1.0,1.0,1.0000000000000033,1.0000000000002247,1.000000000000605,0.999999999830944
7.814221891288161,1.0,1.0,1.0000000000000033,1.0000000000002327,1.0000000000005758,0.9999999998294004
7.829113924050634,1.0,1.0,1.0000000000000033,1.0000000000002367,1.0000000000005669,0.9999999998304209
7.844005956813105,1.0,1.0,1.0000000000000033,1.0000000000002363,1.000000000000582,0.9999999998337142
7.858897989575578,1.0,1.0,1.0000000000000033,1.000000000000231,1.000000000000622,0.9999999998387715
7.873790022338049,1.0,1.0,1.0000000000000033,1.0000000000002207,1.000000000000685,0.9999999998449515
7.888682055100522,1.0,1.0,1.0000000000000033,1.000000000000207,1.0000000000007667,0.9999999998515693
7.903574087862994,1.0,1.0,1.0000000000000033,1.000000000000191,1.0000000000008618,0.9999999998579668
7.918466120625466,1.0,1.0,1.0000000000000033,1.000000000000175,1.0000000000009648,0.9999999998635561
7.933358153387938,1.0,1.0,1.0000000000000033,1.0000000000001616,1.0000000000010696,0.9999999998678452
7.94825018615041,1.0,1.0,1.0000000000000033,1.0000000000001528,1.0000000000011682,0.9999999998704688
7.963142218912882,1.0,1.0,1.0000000000000033,1.0000000000001497,1.0000000000012526,0.9999999998712291
7.978034251675354,1.0,1.0,1.0000000000000033,1.0000000000001523,1.0000000000013147,0.9999999998701375
7.992926284437826,1.0,1.0,1.0000000000000033,1.000000000000159,1.0000000000013485,0.9999999998674464
8.007818317200298,1.0,1.0,1.0000000000000033,1.000000000000167,1.0000000000013511,0.999999999863653
8.022710349962772,1.0,1.0,1.0000000000000033,1.000000000000174,1.0000000000013236,0.9999999998594652
8.037602382725243,1.0,1.0,1.0000000000000033,1.000000000000179,1.0000000000012694,0.9999999998557242
8.052494415487715,1.0,1.0,1.0000000000000033,1.0000000000001816,1.000000000001194,0.9999999998532906
8.067386448250188,1.0,1.0,1.0000000000000033,1.0000000000001825,1.0000000000011033,0.9999999998529122
8.08227848101266,1.0,1.0,1.0000000000000033,1.0000000000001816,1.0000000000010039,0.9999999998550954
8.097170513775131,1.0,1.0,1.0000000000000033,1.000000000000179,1.0000000000009008,0.9999999998599981
8.112062546537604,1.0,1.0,1.0000000000000033,1.000000000000175,1.0000000000007996,0.9999999998673682
8.126954579300076,1.0,1.0,1.0000000000000033,1.0000000000001705,1.0000000000007054,0.9999999998765484
8.141846612062547,1.0,1.0,1.0000000000000033,1.000000000000166,1.0000000000006237,0.999999999886552
8.15673864482502,1.0,1.0,1.0000000000000033,1.0000000000001616,1.0000000000005598,0.9999999998961931
8.171630677587492,1.0,1.0,1.0000000000000033,1.0000000000001572,1.000000000000518,0.9999999999042543
8.186522710349964,1.0,1.0,1.0000000000000033,1.0000000000001532,1.000000000000502,0.9999999999096624
8.201414743112437,1.0,1.0,1.0000000000000033,1.0000000000001505,1.0000000000005127,0.9999999999116412
8.216306775874909,1.0,1.0,1.0000000000000033,1.0000000000001497,1.0000000000005473,0.9999999999098134
8.23119880863738,1.0,1.0,1.0000000000000033,1.0000000000001514,1.0000000000006006,0.9999999999042489
8.246090841399852,1.0,1.0,1.0000000000000033,1.0000000000001563,1.0000000000006646,0.9999999998954613
8.260982874162325,1.0,1.0,1.0000000000000033,1.0000000000001639,1.0000000000007303,0.9999999998843555
8.275874906924797,1.0,1.0,1.0000000000000033,1.000000000000174,1.0000000000007898,0.9999999998721315
8.290766939687268,1.0,1.0,1.0000000000000033,1.000000000000187,1.0000000000008369,0.99999999986015
8.305658972449741,1.0,1.0,1.0000000000000033,1.000000000000202,1.0000000000008689,0.9999999998497752
8.320551005212213,1.0,1.0,1.0000000000000033,1.000000000000218,1.0000000000008848,0.9999999998422203
8.335443037974684,1.0,1.0,1.0000000000000033,1.0000000000002336,1.0000000000008848,0.9999999998384047
8.350335070737158,1.0,1.0,1.0000000000000033,1.0000000000002465,1.0000000000008689,0.9999999998388328
8.36522710349963,1.0,1.0,1.0000000000000033,1.000000000000255,1.0000000000008369,0.9999999998435117
8.3801191362621,1.0,1.0,1.0000000000000033,1.000000000000258,1.0000000000007898,0.9999999998519219
8.395011169024574,1.0,1.0,1.0000000000000033,1.0000000000002554,1.0000000000007303,0.9999999998630534
8.409903201787046,1.0,1.0,1.0000000000000033,1.0000000000002474,1.000000000000662,0.9999999998755137
8.424795234549517,1.0,1.0,1.0000000000000033,1.0000000000002358,1.000000000000589,0.9999999998877022
8.439687267311989,1.0,1.0,1.0000000000000033,1.0000000000002225,1.000000000000518,0.9999999998980308
8.454579300074462,1.0,1.0,1.0000000000000033,1.0000000000002092,1.000000000000454,0.9999999999051522
8.469471332836934,1.0,1.0,1.0000000000000033,1.0000000000001967,1.0000000000004,0.9999999999081534
8.484363365599405,1.0,1.0,1.0000000000000033,1.0000000000001856,1.0000000000003555,0.9999999999066852
8.499255398361878,1.0,1.0,1.0000000000000033,1.0000000000001763,1.0000000000003209,0.9999999999010062
8.51414743112435,1.0,1.0,1.0000000000000033,1.0000000000001692,1.0000000000002969,0.9999999998919299
8.529039463886821,1.0,1.0,1.0000000000000033,1.0000000000001648,1.0000000000002853,0.9999999998806847
8.543931496649295,1.0,1.0,1.0000000000000033,1.0000000000001634,1.0000000000002862,0.9999999998687129
8.558823529411766,1.0,1.0,1.0000000000000033,1.0000000000001652,1.0000000000002986,0.999999999857449
8.573529411764707,1.0,1.0,1.0000000000000033,1.0000000000001696,1.0000000000003217,0.9999999998481214
8.588235294117649,1.0,1.0,1.0000000000000033,1.0000000000001754,1.0000000000003555,0.9999999998416048
8.602941176470589,1.0,1.0,1.0000000000000033,1.0000000000001807,1.0000000000004008,0.9999999998383434
8.61764705882353,1.0,1.0,1.0000000000000033,1.0000000000001834,1.0000000000004594,0.9999999998383541
8.632352941176471,1.0,1.0,1.0000000000000033,1.000000000000182,1.000000000000534,0.999999999841294
8.647058823529413,1.0,1.0,1.0000000000000033,1.0000000000001776,1.0000000000006264,0.9999999998465617
8.661764705882355,1.0,1.0,1.0000000000000033,1.0000000000001714,1.0000000000007347,0.9999999998534052
8.676470588235295,1.0,1.0,1.0000000000000033,1.0000000000001652,1.0000000000008529,0.999999999861024
8.691176470588237,1.0,1.0,1.0000000000000033,1.0000000000001608,1.0000000000009701,0.9999999998686623
8.705882352941178,1.0,1.0,1.0000000000000033,1.0000000000001594,1.0000000000010731,0.9999999998756842
8.72058823529412,1.0,1.0,1.0000000000000033,1.0000000000001612,1.0000000000011477,0.9999999998816226
8.73529411764706,1.0,1.0,1.0000000000000033,1.0000000000001656,1.0000000000011824,0.9999999998861931
8.750000000000002,1.0,1.0,1.0000000000000033,1.0000000000001719,1.0000000000011735,0.9999999998892725
8.764705882352942,1.0,1.0,1.0000000000000033,1.000000000000179,1.0000000000011255,0.9999999998908534
8.779411764705884,1.0,1.0,1.0000000000000033,1.0000000000001856,1.00000000000105,0.9999999998909964
8.794117647058824,1.0,1.0,1.0000000000000033,1.0000000000001914,1.0000000000009621,0.999999999889792
8.808823529411766,1.0,1.0,1.0000000000000033,1.0000000000001958,1.0000000000008769,0.9999999998873469
8.823529411764707,1.0,1.0,1.0000000000000033,1.000000000000199,1.0000000000008058,0.9999999998837942
8.838235294117649,1.0,1.0,1.0000000000000033,1.0000000000002012,1.000000000000756,0.9999999998793249
8.85294117647059,1.0,1.0,1.0000000000000033,1.000000000000202,1.0000000000007294,0.9999999998742232
8.86764705882353,1.0,1.0,1.0000000000000033,1.0000000000002012,1.0000000000007223,0.999999999868887
8.882352941176471,1.0,1.0,1.0000000000000033,1.0000000000001985,1.0000000000007268,0.999999999863811
8.897058823529413,1.0,1.0,1.0000000000000033,1.0000000000001945,1.000000000000733,0.9999999998595318
8.911764705882355,1.0,1.0,1.0000000000000033,1.0000000000001896,1.0000000000007347,0.9999999998565484
8.926470588235295,1.0,1.0,1.0000000000000033,1.0000000000001847,1.0000000000007303,0.9999999998552321
8.941176470588237,1.0,1.0,1.0000000000000033,1.0000000000001816,1.0000000000007205,0.999999999855742
8.955882352941178,1.0,1.0,1.0000000000000033,1.0000000000001816,1.0000000000007063,0.9999999998579695
8.97058823529412,1.0,1.0,1.0000000000000033,1.0000000000001847,1.0000000000006877,0.9999999998615346
8.98529411764706,1.0,1.0,1.0000000000000033,1.0000000000001896,1.0000000000006655,0.9999999998658334
9.000000000000002,1.0,1.0,1.0000000000000033,1.000000000000195,1.0000000000006424,0.9999999998701296
9.014705882352942,1.0,1.0,1.0000000000000033,1.0000000000001998,1.000000000000621,0.9999999998736689
9.029411764705884,1.0,1.0,1.0000000000000033,1.0000000000002034,1.0000000000006024,0.9999999998757952
9.044117647058824,1.0,1.0,1.0000000000000033,1.0000000000002052,1.0000000000005855,0.9999999998760501
9.058823529411766,1.0,1.0,1.0000000000000033,1.0000000000002047,1.0000000000005687,0.9999999998742525
9.073529411764707,1.0,1.0,1.0000000000000033,1.0000000000002025,1.000000000000551,0.9999999998705399
9.088235294117649,1.0,1.0,1.0000000000000033,1.0000000000001985,1.0000000000005322,0.9999999998653698
9.10294117647059,1.0,1.0,1.0000000000000033,1.0000000000001932,1.0000000000005154,0.9999999998594705
9.11764705882353,1.0,1.0,1.0000000000000033,1.000000000000187,1.0000000000005056,0.9999999998537391
9.132352941176471,1.0,1.0,1.0000000000000033,1.0000000000001799,1.0000000000005074,0.999999999849101
9.147058823529413,1.0,1.0,1.0000000000000033,1.0000000000001723,1.0000000000005242,0.9999999998463628
9.161764705882355,1.0,1.0,1.0000000000000033,1.0000000000001652,1.0000000000005589,0.9999999998460848
9.176470588235295,1.0,1.0,1.0000000000000033,1.0000000000001599,1.000000000000613,0.9999999998484989
9.191176470588237,1.0,1.0,1.0000000000000033,1.0000000000001572,1.000000000000685,0.9999999998534762
9.205882352941178,1.0,1.0,1.0000000000000033,1.0000000000001568,1.0000000000007685,0.9999999998605497
9.22058823529412,1.0,1.0,1.0000000000000033,1.0000000000001577,1.0000000000008538,0.999999999868982
9.23529411764706,1.0,1.0,1.0000000000000033,1.0000000000001594,1.0000000000009301,0.9999999998778647
9.250000000000002,1.0,1.0,1.0000000000000033,1.000000000000162,1.0000000000009879,0.9999999998862233
9.264705882352942,1.0,1.0,1.0000000000000033,1.000000000000166,1.0000000000010199,0.999999999893113
9.279411764705884,1.0,1.0,1.0000000000000033,1.0000000000001719,1.0000000000010225,0.9999999998976968
9.294117647058824,1.0,1.0,1.0000000000000033,1.000000000000179,1.000000000000995,0.9999999998993151
9.308823529411766,1.0,1.0,1.0000000000000033,1.000000000000186,1.00000000000094,0.999999999897553
9.323529411764707,1.0,1.0,1.0000000000000033,1.0000000000001923,1.0000000000008635,0.99999999989231
9.338235294117649,1.0,1.0,1.0000000000000033,1.0000000000001967,1.0000000000007738,0.9999999998838572
9.35294117647059,1.0,1.0,1.0000000000000033,1.0000000000001985,1.0000000000006788,0.9999999998728598
9.36764705882353,1.0,1.0,1.0000000000000033,1.0000000000001972,1.0000000000005864,0.9999999998603463
9.382352941176471,1.0,1.0,1.0000000000000033,1.0000000000001927,1.0000000000005038,0.999999999847616
9.397058823529413,1.0,1.0,1.0000000000000033,1.0000000000001852,1.0000000000004372,0.9999999998360919
9.411764705882355,1.0,1.0,1.0000000000000033,1.0000000000001745,1.000000000000392,0.9999999998271364
9.426470588235295,1.0,1.0,1.0000000000000033,1.0000000000001608,1.0000000000003733,0.999999999821857
9.441176470588236,1.0,1.0,1.0000000000000033,1.0000000000001443,1.000000000000384,0.9999999998209431
9.455882352941178,1.0,1.0,1.0000000000000033,1.0000000000001266,1.000000000000422,0.9999999998245633
9.47058823529412,1.0,1.0,1.0000000000000033,1.0000000000001097,1.0000000000004825,0.9999999998323429
9.48529411764706,1.0,1.0,1.0000000000000033,1.000000000000096,1.000000000000557,0.9999999998434274
9.500000000000002,1.0,1.0,1.0000000000000033,1.0000000000000866,1.000000000000637,0.9999999998566177
9.514705882352942,1.0,1.0,1.0000000000000033,1.0000000000000822,1.0000000000007134,0.9999999998705559
9.529411764705884,1.0,1.0,1.0000000000000033,1.0000000000000826,1.0000000000007774,0.9999999998839212
9.544117647058824,1.0,1.0,1.0000000000000033,1.000000000000087,1.0000000000008218,0.9999999998955972
9.558823529411766,1.0,1.0,1.0000000000000033,1.0000000000000937,1.0000000000008413,0.9999999999047845
9.573529411764707,1.0,1.0,1.0000000000000033,1.0000000000001013,1.0000000000008342,0.9999999999110533
9.588235294117649,1.0,1.0,1.0000000000000033,1.0000000000001092,1.0000000000008022,0.9999999999143413
9.60294117647059,1.0,1.0,1.0000000000000033,1.0000000000001181,1.000000000000749,0.9999999999149106
9.61764705882353,1.0,1.0,1.0000000000000033,1.0000000000001283,1.0000000000006806,0.9999999999132746
9.632352941176471,1.0,1.0,1.0000000000000033,1.0000000000001399,1.000000000000605,0.9999999999101011
9.647058823529413,1.0,1.0,1.0000000000000033,1.0000000000001519,1.0000000000005314,0.9999999999061079
9.661764705882355,1.0,1.0,1.0000000000000033,1.000000000000163,1.0000000000004683,0.9999999999019654
9.676470588235295,1.0,1.0,1.0000000000000033,1.0000000000001723,1.000000000000423,0.9999999998982111
9.691176470588236,1.0,1.0,1.0000000000000033,1.0000000000001799,1.0000000000004008,0.9999999998951788
9.705882352941178,1.0,1.0,1.0000000000000033,1.0000000000001865,1.0000000000004052,0.9999999998929531
9.72058823529412,1.0,1.0,1.0000000000000033,1.0000000000001927,1.000000000000439,0.9999999998913615
9.73529411764706,1.0,1.0,1.0000000000000033,1.000000000000198,1.000000000000503,0.9999999998900185
9.750000000000002,1.0,1.0,1.0000000000000033,1.0000000000002012,1.0000000000005953,0.9999999998884207
9.764705882352942,1.0,1.0,1.0000000000000033,1.0000000000002003,1.0000000000007108,0.9999999998860768
9.779411764705884,1.0,1.0,1.0000000000000033,1.000000000000195,1.0000000000008404,0.9999999998826449
9.794117647058826,1.0,1.0,1.0000000000000033,1.0000000000001865,1.0000000000009728,0.999999999878037
9.808823529411766,1.0,1.0,1.0000000000000033,1.0000000000001767,1.0000000000010945,0.999999999872461
9.823529411764707,1.0,1.0,1.0000000000000033,1.0000000000001674,1.000000000001193,0.9999999998663939
9.838235294117649,1.0,1.0,1.0000000000000033,1.0000000000001599,1.000000000001257,0.9999999998605035
9.85294117647059,1.0,1.0,1.0000000000000033,1.0000000000001554,1.0000000000012792,0.9999999998555288
9.86764705882353,1.0,1.0,1.0000000000000033,1.000000000000155,1.0000000000012597,0.9999999998521368
9.882352941176471,1.0,1.0,1.0000000000000033,1.000000000000158,1.0000000000012055,0.9999999998507904
9.897058823529413,1.0,1.0,1.0000000000000033,1.000000000000163,1.000000000001129,0.9999999998516625
9.911764705882355,1.0,1.0,1.0000000000000033,1.0000000000001683,1.0000000000010447,0.9999999998546175
9.926470588235295,1.0,1.0,1.0000000000000033,1.0000000000001732,1.0000000000009648,0.9999999998592467
9.941176470588236,1.0,1.0,1.0000000000000033,1.0000000000001772,1.0000000000008982,0.999999999864947
9.955882352941178,1.0,1.0,1.0000000000000033,1.0000000000001799,1.000000000000851,0.9999999998710142
9.97058823529412,1.0,1.0,1.0000000000000033,1.0000000000001812,1.000000000000829,0.999999999876734
9.98529411764706,1.0,1.0,1.0000000000000033,1.0000000000001812,1.0000000000008333,0.9999999998814707
10.000000000000002,1.0,1.0,1.0000000000000033,1.0000000000001799,1.0000000000008618,0.9999999998847436
10.014705882352942,1.0,1.0,1.0000000000000033,1.0000000000001776,1.0000000000009097,0.9999999998862829
10.029411764705884,1.0,1.0,1.0000000000000033,1.0000000000001754,1.000000000000971,0.9999999998860519
10.044117647058826,1.0,1.0,1.0000000000000033,1.0000000000001745,1.0000000000010385,0.9999999998842294
10.058823529411766,1.0,1.0,1.0000000000000033,1.0000000000001759,1.0000000000011051,0.9999999998811536
10.073529411764707,1.0,1.0,1.0000000000000033,1.0000000000001799,1.0000000000011628,0.9999999998772456
10.088235294117649,1.0,1.0,1.0000000000000033,1.0000000000001865,1.0000000000012055,0.9999999998729246
10.10294117647059,1.0,1.0,1.0000000000000033,1.0000000000001945,1.0000000000012286,0.9999999998685335
10.11764705882353,1.0,1.0,1.0000000000000033,1.000000000000202,1.0000000000012286,0.9999999998642924
10.132352941176471,1.0,1.0,1.0000000000000033,1.0000000000002078,1.0000000000012037,0.9999999998602903
10.147058823529413,1.0,1.0,1.0000000000000033,1.0000000000002114,1.0000000000011566,0.9999999998565031
10.161764705882355,1.0,1.0,1.0000000000000033,1.0000000000002123,1.0000000000010953,0.9999999998528376
10.176470588235295,1.0,1.0,1.0000000000000033,1.0000000000002105,1.0000000000010296,0.999999999849189
10.191176470588236,1.0,1.0,1.0000000000000033,1.0000000000002074,1.0000000000009674,0.9999999998454995
10.205882352941178,1.0,1.0,1.0000000000000033,1.0000000000002047,1.0000000000009124,0.9999999998418047
10.22058823529412,1.0,1.0,1.0000000000000033,1.0000000000002043,1.0000000000008644,0.9999999998382582
10.23529411764706,1.0,1.0,1.0000000000000033,1.0000000000002065,1.0000000000008218,0.9999999998351247
10.250000000000002,1.0,1.0,1.0000000000000033,1.0000000000002105,1.0000000000007827,0.9999999998327443
10.264705882352942,1.0,1.0,1.0000000000000033,1.0000000000002154,1.0000000000007454,0.9999999998314858
10.279411764705884,1.0,1.0,1.0000000000000033,1.0000000000002203,1.000000000000708,0.9999999998316901
10.294117647058826,1.0,1.0,1.0000000000000033,1.0000000000002238,1.00000000000067,0.9999999998336112
10.308823529411766,1.0,1.0,1.0000000000000033,1.0000000000002247,1.0000000000006308,0.9999999998373602
10.323529411764707,1.0,1.0,1.0000000000000033,1.000000000000222,1.0000000000005935,0.9999999998428616
10.338235294117649,1.0,1.0,1.0000000000000033,1.0000000000002158,1.0000000000005624,0.9999999998498329
10.35294117647059,1.0,1.0,1.0000000000000033,1.000000000000207,1.000000000000542,0.999999999857799
10.36764705882353,1.0,1.0,1.0000000000000033,1.0000000000001958,1.0000000000005367,0.9999999998661434
10.382352941176471,1.0,1.0,1.0000000000000033,1.000000000000183,1.0000000000005491,0.9999999998741832
10.397058823529413,1.0,1.0,1.0000000000000033,1.0000000000001696,1.0000000000005775,0.9999999998812513
10.411764705882355,1.0,1.0,1.0000000000000033,1.0000000000001568,1.0000000000006157,0.9999999998867767
10.426470588235295,1.0,1.0,1.0000000000000033,1.0000000000001452,1.0000000000006548,0.9999999998903454
10.441176470588236,1.0,1.0,1.0000000000000033,1.0000000000001363,1.000000000000685,0.99999999989173
10.455882352941178,1.0,1.0,1.0000000000000033,1.000000000000132,1.0000000000006992,0.999999999890881
10.47058823529412,1.0,1.0,1.0000000000000033,1.0000000000001328,1.0000000000006948,0.9999999998878949
10.48529411764706,1.0,1.0,1.0000000000000033,1.000000000000139,1.0000000000006743,0.9999999998829797
10.500000000000002,1.0,1.0,1.0000000000000033,1.0000000000001497,1.0000000000006442,0.9999999998764338
10.514705882352942,1.0,1.0,1.0000000000000033,1.0000000000001625,1.000000000000613,0.9999999998686347
10.529411764705884,1.0,1.0,1.0000000000000033,1.0000000000001745,1.000000000000589,0.9999999998600239
10.544117647058826,1.0,1.0,1.0000000000000033,1.000000000000183,1.0000000000005766,0.9999999998510808
10.558823529411766,1.0,1.0,1.0000000000000033,1.0000000000001865,1.0000000000005766,0.9999999998422914
10.573529411764707,1.0,1.0,1.0000000000000033,1.0000000000001847,1.0000000000005873,0.9999999998341148
10.588235294117649,1.0,1.0,1.0000000000000033,1.000000000000178,1.0000000000006068,0.9999999998269552
10.60294117647059,1.0,1.0,1.0000000000000033,1.0000000000001683,1.0000000000006335,0.9999999998211421
10.61764705882353,1.0,1.0,1.0000000000000033,1.0000000000001577,1.0000000000006646,0.9999999998169223
10.632352941176471,1.0,1.0,1.0000000000000033,1.0000000000001488,1.0000000000006966,0.9999999998144594
10.647058823529413,1.0,1.0,1.0000000000000033,1.0000000000001434,1.0000000000007268,0.9999999998138341
10.661764705882355,1.0,1.0,1.0000000000000033,1.000000000000143,1.0000000000007525,0.9999999998150492
10.676470588235295,1.0,1.0,1.0000000000000033,1.0000000000001479,1.000000000000773,0.9999999998180326
10.691176470588236,1.0,1.0,1.0000000000000033,1.0000000000001568,1.000000000000788,0.9999999998226395
10.705882352941178,1.0,1.0,1.0000000000000033,1.0000000000001674,1.0000000000007987,0.9999999998286534
10.72058823529412,1.0,1.0,1.0000000000000033,1.0000000000001776,1.0000000000008067,0.999999999835789
10.73529411764706,1.0,1.0,1.0000000000000033,1.000000000000186,1.0000000000008138,0.9999999998436983
10.75,1.0,1.0,1.0000000000000033,1.0000000000001927,1.000000000000821,0.9999999998519805
10.764705882352942,1.0,1.0,1.0000000000000033,1.000000000000198,1.000000000000828,0.9999999998601962
10.779411764705884,1.0,1.0,1.0000000000000033,1.000000000000202,1.0000000000008342,0.9999999998678825
10.794117647058826,1.0,1.0,1.0000000000000033,1.0000000000002038,1.0000000000008396,0.9999999998745749
10.808823529411766,1.0,1.0,1.0000000000000033,1.000000000000203,1.000000000000844,0.9999999998798444
10.823529411764707,1.0,1.0,1.0000000000000033,1.000000000000199,1.0000000000008475,0.9999999998833528
10.838235294117649,1.0,1.0,1.0000000000000033,1.0000000000001918,1.0000000000008484,0.9999999998849115
10.85294117647059,1.0,1.0,1.0000000000000033,1.000000000000182,1.0000000000008449,0.9999999998845234
10.86764705882353,1.0,1.0,1.0000000000000033,1.00000000000017,1.000000000000836,0.9999999998823909
10.882352941176471,1.0,1.0,1.0000000000000033,1.0000000000001568,1.0000000000008227,0.9999999998788923
10.897058823529413,1.0,1.0,1.0000000000000033,1.000000000000143,1.0000000000008067,0.9999999998745331
10.911764705882355,1.0,1.0,1.0000000000000033,1.0000000000001306,1.000000000000789,0.9999999998698853
10.926470588235295,1.0,1.0,1.0000000000000033,1.0000000000001212,1.0000000000007703,0.9999999998655208
10.941176470588236,1.0,1.0,1.0000000000000033,1.0000000000001164,1.0000000000007534,0.9999999998619441
10.955882352941178,1.0,1.0,1.0000000000000033,1.0000000000001164,1.0000000000007419,0.9999999998595354
10.97058823529412,1.0,1.0,1.0000000000000033,1.0000000000001208,1.0000000000007374,0.9999999998585131
10.98529411764706,1.0,1.0,1.0000000000000033,1.0000000000001292,1.00000000000074,0.9999999998589163
11.0,1.0,1.0,1.0000000000000033,1.0000000000001412,1.000000000000749,0.9999999998606047
11.014705882352942,1.0,1.0,1.0000000000000033,1.0000000000001568,1.0000000000007632,0.9999999998632728
11.029411764705884,1.0,1.0,1.0000000000000033,1.0000000000001754,1.000000000000781,0.9999999998664747
11.044117647058826,1.0,1.0,1.0000000000000033,1.0000000000001963,1.0000000000007987,0.999999999869657
11.058823529411766,1.0,1.0,1.0000000000000033,1.0000000000002176,1.000000000000813,0.9999999998722079
11.073529411764707,1.0,1.0,1.0000000000000033,1.0000000000002371,1.000000000000821,0.999999999873526
11.088235294117649,1.0,1.0,1.0000000000000033,1.0000000000002531,1.000000000000821,0.9999999998731094
11.10294117647059,1.0,1.0,1.0000000000000033,1.0000000000002647,1.000000000000813,0.9999999998706518
11.11764705882353,1.0,1.0,1.0000000000000033,1.000000000000271,1.0000000000007996,0.999999999866123
11.132352941176471,1.0,1.0,1.0000000000000033,1.0000000000002713,1.0000000000007854,0.999999999859808
11.147058823529413,1.0,1.0,1.0000000000000033,1.0000000000002665,1.0000000000007756,0.9999999998522887
11.161764705882355,1.0,1.0,1.0000000000000033,1.0000000000002571,1.0000000000007738,0.9999999998443706
11.176470588235295,1.0,1.0,1.0000000000000033,1.0000000000002451,1.0000000000007818,0.999999999836965
11.191176470588236,1.0,1.0,1.0000000000000033,1.0000000000002323,1.0000000000008005,0.9999999998309431
11.205882352941178,1.0,1.0,1.0000000000000033,1.0000000000002198,1.000000000000828,0.9999999998269996
11.22058823529412,1.0,1.0,1.0000000000000033,1.0000000000002078,1.000000000000859,0.9999999998255599
11.23529411764706,1.0,1.0,1.0000000000000033,1.0000000000001958,1.0000000000008866,0.99999999982675
11.25,1.0,1.0,1.0000000000000033,1.0000000000001839,1.0000000000009035,0.9999999998304306
11.264705882352942,1.0,1.0,1.0000000000000033,1.0000000000001723,1.0000000000009035,0.9999999998362749
11.279411764705884,1.0,1.0,1.0000000000000033,1.0000000000001616,1.0000000000008813,0.9999999998438581
11.294117647058826,1.0,1.0,1.0000000000000033,1.0000000000001532,1.0000000000008342,0.9999999998527319
11.308823529411766,1.0,1.0,1.0000000000000033,1.0000000000001488,1.000000000000765,0.999999999862461
11.323529411764707,1.0,1.0,1.0000000000000033,1.0000000000001492,1.0000000000006806,0.9999999998726262
11.338235294117649,1.0,1.0,1.0000000000000033,1.000000000000155,1.0000000000005926,0.9999999998828127
11.35294117647059,1.0,1.0,1.0000000000000033,1.0000000000001656,1.0000000000005145,0.9999999998926022
11.36764705882353,1.0,1.0,1.0000000000000033,1.0000000000001799,1.0000000000004594,0.9999999999015773
11.382352941176471,1.0,1.0,1.0000000000000033,1.0000000000001954,1.000000000000438,0.9999999999093409
11.397058823529413,1.0,1.0,1.0000000000000033,1.00000000000021,1.0000000000004559,0.9999999999155421
11.411764705882355,1.0,1.0,1.0000000000000033,1.0000000000002225,1.0000000000005118,0.999999999919904
11.426470588235295,1.0,1.0,1.0000000000000033,1.0000000000002314,1.000000000000598,0.9999999999222505
11.441176470588236,1.0,1.0,1.0000000000000033,1.0000000000002363,1.0000000000007019,0.9999999999225321
11.455882352941178,1.0,1.0,1.0000000000000033,1.0000000000002371,1.0000000000008102,0.9999999999208383
11.47058823529412,1.0,1.0,1.0000000000000033,1.000000000000235,1.0000000000009115,0.9999999999173993
11.48529411764706,1.0,1.0,1.0000000000000033,1.0000000000002305,1.0000000000009968,0.9999999999125694
11.5,1.0,1.0,1.0000000000000033,1.0000000000002243,1.0000000000010607,0.9999999999067909
11.514705882352942,1.0,1.0,1.0000000000000033,1.0000000000002167,1.0000000000011016,0.9999999999005381
11.529411764705884,1.0,1.0,1.0000000000000033,1.0000000000002087,1.0000000000011184,0.9999999998942463
11.544117647058826,1.0,1.0,1.0000000000000033,1.0000000000002016,1.0000000000011104,0.9999999998882457
11.558823529411766,1.0,1.0,1.0000000000000033,1.0000000000001963,1.0000000000010767,0.9999999998827177
11.573529411764707,1.0,1.0,1.0000000000000033,1.0000000000001936,1.000000000001018,0.9999999998776853
11.588235294117649,1.0,1.0,1.0000000000000033,1.000000000000194,1.00000000000094,0.9999999998730463
11.60294117647059,1.0,1.0,1.0000000000000033,1.0000000000001976,1.000000000000851,0.999999999868633
11.61764705882353,1.0,1.0,1.0000000000000033,1.0000000000002043,1.0000000000007632,0.9999999998642791
11.632352941176471,1.0,1.0,1.0000000000000033,1.0000000000002132,1.0000000000006868,0.9999999998598835
11.647058823529413,1.0,1.0,1.0000000000000033,1.0000000000002225,1.000000000000629,0.9999999998554622
11.661764705882355,1.0,1.0,1.0000000000000033,1.0000000000002305,1.0000000000005926,0.9999999998511847
11.676470588235295,1.0,1.0,1.0000000000000033,1.0000000000002363,1.0000000000005784,0.999999999847386
11.691176470588236,1.0,1.0,1.0000000000000033,1.0000000000002394,1.0000000000005864,0.9999999998445429
11.705882352941178,1.0,1.0,1.0000000000000033,1.0000000000002398,1.000000000000614,0.9999999998432151
11.72058823529412,1.0,1.0,1.0000000000000033,1.000000000000238,1.0000000000006575,0.9999999998439629
11.73529411764706,1.0,1.0,1.0000000000000033,1.000000000000235,1.0000000000007125,0.9999999998472545
11.75,1.0,1.0,1.0000000000000033,1.0000000000002318,1.0000000000007747,0.9999999998533696
11.764705882352942,1.0,1.0,1.0000000000000033,1.0000000000002296,1.0000000000008404,0.9999999998623118
11.779411764705884,1.0,1.0,1.0000000000000033,1.0000000000002283,1.000000000000907,0.9999999998737489
11.794117647058826,1.0,1.0,1.0000000000000033,1.0000000000002274,1.000000000000972,0.9999999998870067
11.808823529411766,1.0,1.0,1.0000000000000033,1.000000000000226,1.0000000000010314,0.9999999999011217
11.823529411764707,1.0,1.0,1.0000000000000033,1.0000000000002234,1.000000000001082,0.9999999999149444
11.838235294117649,1.0,1.0,1.0000000000000033,1.0000000000002185,1.0000000000011202,0.9999999999272785
11.85294117647059,1.0,1.0,1.0000000000000033,1.0000000000002114,1.0000000000011424,0.9999999999370209
11.86764705882353,1.0,1.0,1.0000000000000033,1.0000000000002025,1.0000000000011442,0.9999999999432764
11.882352941176471,1.0,1.0,1.0000000000000033,1.0000000000001932,1.000000000001122,0.9999999999454329
11.897058823529413,1.0,1.0,1.0000000000000033,1.0000000000001852,1.000000000001075,0.9999999999431938
11.911764705882355,1.0,1.0,1.0000000000000033,1.0000000000001799,1.0000000000010065,0.9999999999365733
11.926470588235295,1.0,1.0,1.0000000000000033,1.0000000000001785,1.0000000000009248,0.9999999999258734
11.941176470588236,1.0,1.0,1.0000000000000033,1.0000000000001812,1.0000000000008413,0.9999999999116608
11.955882352941178,1.0,1.0,1.0000000000000033,1.000000000000187,1.0000000000007667,0.9999999998947516
11.97058823529412,1.0,1.0,1.0000000000000033,1.000000000000194,1.000000000000709,0.999999999876194
11.98529411764706,1.0,1.0,1.0000000000000033,1.0000000000002007,1.0000000000006735,0.9999999998572234
12.0,1.0,1.0,1.0000000000000033,1.000000000000206,1.000000000000661,0.9999999998391801
12.014705882352942,1.0,1.0,1.0000000000000033,1.0000000000002096,1.0000000000006672,0.9999999998233883
12.029411764705884,1.0,1.0,1.0000000000000033,1.0000000000002118,1.0000000000006823,0.9999999998110195
12.044117647058826,1.0,1.0,1.0000000000000033,1.0000000000002127,1.0000000000006966,0.9999999998029735
12.058823529411766,1.0,1.0,1.0000000000000033,1.0000000000002123,1.0000000000007019,0.9999999997997956
12.073529411764707,1.0,1.0,1.0000000000000033,1.000000000000211,1.000000000000694,0.9999999998016341
12.088235294117649,1.0,1.0,1.0000000000000033,1.0000000000002087,1.0000000000006726,0.9999999998082413
12.10294117647059,1.0,1.0,1.0000000000000033,1.000000000000206,1.0000000000006415,0.9999999998190096
12.11764705882353,1.0,1.0,1.0000000000000033,1.000000000000203,1.0000000000006068,0.999999999833025
12.132352941176471,1.0,1.0,1.0000000000000033,1.0000000000001998,1.0000000000005749,0.9999999998491312
12.147058823529413,1.0,1.0,1.0000000000000033,1.0000000000001972,1.000000000000551,0.9999999998660093
12.161764705882355,1.0,1.0,1.0000000000000033,1.0000000000001958,1.0000000000005376,0.9999999998822772
12.176470588235295,1.0,1.0,1.0000000000000033,1.0000000000001963,1.0000000000005358,0.9999999998966008
12.191176470588236,1.0,1.0,1.0000000000000033,1.0000000000001985,1.0000000000005456,0.9999999999078132
12.205882352941178,1.0,1.0,1.0000000000000033,1.000000000000202,1.000000000000565,0.9999999999150376
12.22058823529412,1.0,1.0,1.0000000000000033,1.000000000000206,1.0000000000005917,0.9999999999177945
12.23529411764706,1.0,1.0,1.0000000000000033,1.0000000000002096,1.0000000000006237,0.9999999999160715
12.25,1.0,1.0,1.0000000000000033,1.0000000000002118,1.0000000000006593,0.9999999999103356
12.264705882352942,1.0,1.0,1.0000000000000033,1.0000000000002114,1.0000000000006966,0.9999999999014814
12.279411764705884,1.0,1.0,1.0000000000000033,1.0000000000002074,1.0000000000007339,0.9999999998907202
12.294117647058826,1.0,1.0,1.0000000000000033,1.0000000000002003,1.0000000000007703,0.9999999998794288
12.308823529411766,1.0,1.0,1.0000000000000033,1.0000000000001918,1.0000000000008067,0.999999999868982
12.323529411764707,1.0,1.0,1.0000000000000033,1.0000000000001847,1.000000000000844,0.9999999998605985
12.338235294117649,1.0,1.0,1.0000000000000033,1.0000000000001807,1.0000000000008822,0.9999999998552188
12.35294117647059,1.0,1.0,1.0000000000000033,1.0000000000001807,1.0000000000009186,0.9999999998534238
12.36764705882353,1.0,1.0,1.0000000000000033,1.0000000000001843,1.000000000000948,0.9999999998553885
12.382352941176471,1.0,1.0,1.0000000000000033,1.0000000000001905,1.000000000000964,0.9999999998608632
12.397058823529413,1.0,1.0,1.0000000000000033,1.0000000000001985,1.0000000000009621,0.9999999998691872
12.411764705882355,1.0,1.0,1.0000000000000033,1.0000000000002074,1.0000000000009408,0.999999999879348
12.426470588235295,1.0,1.0,1.0000000000000033,1.0000000000002158,1.0000000000009026,0.9999999998900905
12.441176470588236,1.0,1.0,1.0000000000000033,1.0000000000002225,1.0000000000008555,0.9999999999000709
12.455882352941178,1.0,1.0,1.0000000000000033,1.000000000000226,1.0000000000008102,0.9999999999080308
12.47058823529412,1.0,1.0,1.0000000000000033,1.0000000000002256,1.0000000000007783,0.9999999999129566
12.48529411764706,1.0,1.0,1.0000000000000033,1.0000000000002207,1.0000000000007703,0.999999999914193
12.5,1.0,1.0,1.0000000000000033,1.0000000000002114,1.0000000000007934,0.9999999999114991
12.514705882352942,1.0,1.0,1.0000000000000033,1.000000000000198,1.0000000000008475,0.9999999999050483
12.529411764705884,1.0,1.0,1.0000000000000033,1.000000000000183,1.0000000000009248,0.9999999998953822
12.544117647058826,1.0,1.0,1.0000000000000033,1.0000000000001688,1.0000000000010136,0.9999999998833359
12.558823529411766,1.0,1.0,1.0000000000000033,1.0000000000001572,1.0000000000011007,0.9999999998699457
12.573529411764707,1.0,1.0,1.0000000000000033,1.0000000000001497,1.0000000000011726,0.9999999998563583
12.588235294117649,1.0,1.0,1.0000000000000033,1.0000000000001474,1.0000000000012197,0.9999999998437409
12.60294117647059,1.0,1.0,1.0000000000000033,1.0000000000001505,1.0000000000012375,0.9999999998331867
12.61764705882353,1.0,1.0,1.0000000000000033,1.0000000000001577,1.000000000001226,0.9999999998256149
12.632352941176471,1.0,1.0,1.0000000000000033,1.0000000000001674,1.0000000000011877,0.9999999998216732
12.647058823529413,1.0,1.0,1.0000000000000033,1.0000000000001785,1.0000000000011264,0.999999999821659
12.661764705882355,1.0,1.0,1.0000000000000033,1.00000000000019,1.0000000000010465,0.9999999998254808
12.676470588235295,1.0,1.0,1.0000000000000033,1.0000000000002016,1.0000000000009532,0.9999999998326724
12.691176470588236,1.0,1.0,1.0000000000000033,1.0000000000002127,1.0000000000008529,0.9999999998424557
12.705882352941178,1.0,1.0,1.0000000000000033,1.000000000000223,1.0000000000007516,0.9999999998538359
12.72058823529412,1.0,1.0,1.0000000000000033,1.0000000000002318,1.0000000000006557,0.9999999998657135
12.735294117647062,1.0,1.0,1.0000000000000033,1.0000000000002385,1.0000000000005695,0.9999999998770023
12.750000000000002,1.0,1.0,1.0000000000000033,1.0000000000002416,1.0000000000004967,0.999999999886742
12.764705882352942,1.0,1.0,1.0000000000000033,1.0000000000002403,1.0000000000004408,0.9999999998941939
12.779411764705884,1.0,1.0,1.0000000000000033,1.000000000000234,1.0000000000004043,0.9999999998989048
12.794117647058826,1.0,1.0,1.0000000000000033,1.0000000000002234,1.0000000000003884,0.9999999999007406
12.808823529411766,1.0,1.0,1.0000000000000033,1.0000000000002096,1.000000000000392,0.9999999998998782
12.823529411764707,1.0,1.0,1.0000000000000033,1.0000000000001945,1.0000000000004132,0.9999999998967554
12.838235294117649,1.0,1.0,1.0000000000000033,1.0000000000001794,1.0000000000004488,0.9999999998919894
12.85294117647059,1.0,1.0,1.0000000000000033,1.0000000000001656,1.0000000000004923,0.9999999998862784
12.86764705882353,1.0,1.0,1.0000000000000033,1.000000000000155,1.0000000000005358,0.9999999998802983
12.882352941176471,1.0,1.0,1.0000000000000033,1.0000000000001488,1.0000000000005704,0.9999999998746184
12.897058823529413,1.0,1.0,1.0000000000000033,1.0000000000001474,1.000000000000589,0.9999999998696464
12.911764705882355,1.0,1.0,1.0000000000000033,1.000000000000151,1.0000000000005873,0.9999999998656052
12.926470588235295,1.0,1.0,1.0000000000000033,1.000000000000159,1.0000000000005642,0.9999999998625347
12.941176470588236,1.0,1.0,1.0000000000000033,1.0000000000001705,1.0000000000005216,0.9999999998603187
12.955882352941178,1.0,1.0,1.0000000000000033,1.0000000000001839,1.0000000000004647,0.9999999998587333
12.97058823529412,1.0,1.0,1.0000000000000033,1.0000000000001963,1.0000000000004017,0.9999999998575041
12.985294117647062,1.0,1.0,1.0000000000000033,1.000000000000206,1.0000000000003422,0.9999999998563628
13.000000000000002,1.0,1.0,1.0000000000000033,1.0000000000002127,1.000000000000296,0.999999999855098
13.014705882352942,1.0,1.0,1.0000000000000033,1.0000000000002172,1.0000000000002711,0.9999999998535934
13.029411764705884,1.0,1.0,1.0000000000000033,1.0000000000002203,1.000000000000273,0.9999999998518508
13.044117647058826,1.0,1.0,1.0000000000000033,1.0000000000002225,1.0000000000003022,0.9999999998499954
13.058823529411766,1.0,1.0,1.0000000000000033,1.0000000000002234,1.0000000000003555,0.9999999998482582
13.073529411764707,1.0,1.0,1.0000000000000033,1.000000000000222,1.0000000000004257,0.9999999998469339
13.088235294117649,1.0,1.0,1.0000000000000033,1.000000000000218,1.0000000000005047,0.9999999998463228
13.10294117647059,1.0,1.0,1.0000000000000033,1.0000000000002118,1.0000000000005855,0.9999999998466648
13.11764705882353,1.0,1.0,1.0000000000000033,1.0000000000002043,1.000000000000661,0.9999999998480796
13.132352941176471,1.0,1.0,1.0000000000000033,1.0000000000001972,1.0000000000007259,0.9999999998505319
13.147058823529413,1.0,1.0,1.0000000000000033,1.0000000000001914,1.0000000000007765,0.9999999998538368
13.161764705882355,1.0,1.0,1.0000000000000033,1.0000000000001874,1.000000000000812,0.9999999998577084
13.176470588235295,1.0,1.0,1.0000000000000033,1.0000000000001847,1.0000000000008342,0.9999999998618295
13.191176470588236,1.0,1.0,1.0000000000000033,1.0000000000001825,1.0000000000008467,0.9999999998659187
13.205882352941178,1.0,1.0,1.0000000000000033,1.0000000000001803,1.000000000000852,0.9999999998697672
13.22058823529412,1.0,1.0,1.0000000000000033,1.0000000000001776,1.000000000000851,0.9999999998732373
13.235294117647062,1.0,1.0,1.0000000000000033,1.0000000000001745,1.0000000000008449,0.9999999998762296
13.250000000000002,1.0,1.0,1.0000000000000033,1.0000000000001714,1.0000000000008342,0.9999999998786436
13.264705882352942,1.0,1.0,1.0000000000000033,1.0000000000001696,1.00000000000082,0.9999999998803631
13.279411764705884,1.0,1.0,1.0000000000000033,1.0000000000001705,1.0000000000008014,0.9999999998812753
13.294117647058826,1.0,1.0,1.0000000000000033,1.000000000000175,1.0000000000007756,0.9999999998813197
13.308823529411766,1.0,1.0,1.0000000000000033,1.0000000000001825,1.00000000000074,0.9999999998805434
13.323529411764707,1.0,1.0,1.0000000000000033,1.0000000000001918,1.000000000000694,0.9999999998791383
13.338235294117649,1.0,1.0,1.0000000000000033,1.0000000000002012,1.0000000000006388,0.9999999998774428
13.35294117647059,1.0,1.0,1.0000000000000033,1.0000000000002087,1.0000000000005802,0.9999999998759027
13.36764705882353,1.0,1.0,1.0000000000000033,1.000000000000214,1.000000000000527,0.9999999998749968
13.382352941176471,1.0,1.0,1.0000000000000033,1.0000000000002172,1.0000000000004887,0.9999999998751407
13.397058823529413,1.0,1.0,1.0000000000000033,1.000000000000218,1.0000000000004754,0.9999999998765955
13.411764705882355,1.0,1.0,1.0000000000000033,1.0000000000002172,1.000000000000495,0.999999999879395
13.426470588235295,1.0,1.0,1.0000000000000033,1.0000000000002145,1.00000000000055,0.9999999998833137
13.441176470588236,1.0,1.0,1.0000000000000033,1.000000000000211,1.000000000000637,0.9999999998878807
13.455882352941178,1.0,1.0,1.0000000000000033,1.000000000000207,1.0000000000007463,0.9999999998924424
13.47058823529412,1.0,1.0,1.0000000000000033,1.0000000000002034,1.0000000000008635,0.9999999998962678
13.485294117647062,1.0,1.0,1.0000000000000033,1.0000000000002007,1.0000000000009728,0.9999999998986738
13.500000000000002,1.0,1.0,1.0000000000000033,1.000000000000199,1.000000000001059,0.999999999899149
13.514705882352942,1.0,1.0,1.0000000000000033,1.0000000000001976,1.0000000000011096,0.9999999998974561
13.529411764705884,1.0,1.0,1.0000000000000033,1.0000000000001963,1.0000000000011158,0.9999999998936956
13.544117647058826,1.0,1.0,1.0000000000000033,1.0000000000001945,1.0000000000010758,0.9999999998883115
13.558823529411766,1.0,1.0,1.0000000000000033,1.0000000000001927,1.000000000000994,0.9999999998820374
13.573529411764707,1.0,1.0,1.0000000000000033,1.0000000000001923,1.0000000000008804,0.9999999998757926
13.58842144452718,1.0,1.0,1.0000000000000033,1.0000000000001945,1.0000000000007472,0.9999999998705399
13.603313477289651,1.0,1.0,1.0000000000000033,1.0000000000001994,1.0000000000006095,0.9999999998671213
13.618205510052125,1.0,1.0,1.0000000000000033,1.000000000000206,1.0000000000004825,0.9999999998661008
13.633097542814596,1.0,1.0,1.0000000000000033,1.0000000000002136,1.0000000000003795,0.9999999998676569
13.647989575577068,1.0,1.0,1.0000000000000033,1.0000000000002216,1.000000000000311,0.9999999998715524
13.66288160833954,1.0,1.0,1.0000000000000033,1.0000000000002292,1.0000000000002844,0.9999999998771879
13.67777364110201,1.0,1.0,1.0000000000000033,1.0000000000002358,1.0000000000003022,0.9999999998837116
13.692665673864484,1.0,1.0,1.0000000000000033,1.0000000000002407,1.0000000000003608,0.9999999998901509
13.707557706626957,1.0,1.0,1.0000000000000033,1.0000000000002425,1.0000000000004496,0.999999999895535
13.722449739389429,1.0,1.0,1.0000000000000033,1.0000000000002403,1.0000000000005536,0.999999999899006
13.7373417721519,1.0,1.0,1.0000000000000033,1.000000000000234,1.0000000000006566,0.9999999998999182
13.752233804914372,1.0,1.0,1.0000000000000033,1.0000000000002247,1.0000000000007445,0.9999999998979171
13.767125837676844,1.0,1.0,1.0000000000000033,1.0000000000002136,1.0000000000008067,0.9999999998929895
13.782017870439317,1.0,1.0,1.0000000000000033,1.000000000000202,1.0000000000008369,0.9999999998854746
13.796909903201788,1.0,1.0,1.0000000000000033,1.000000000000191,1.0000000000008342,0.9999999998760306
13.811801935964262,1.0,1.0,1.0000000000000033,1.0000000000001812,1.0000000000008022,0.9999999998655501
13.826693968726733,1.0,1.0,1.0000000000000033,1.0000000000001732,1.0000000000007463,0.999999999855043
13.841586001489205,1.0,1.0,1.0000000000000033,1.0000000000001665,1.0000000000006743,0.999999999845511
13.856478034251676,1.0,1.0,1.0000000000000033,1.0000000000001608,1.0000000000005962,0.9999999998378372
13.871370067014148,1.0,1.0,1.0000000000000033,1.0000000000001554,1.0000000000005216,0.9999999998327008
13.886262099776621,1.0,1.0,1.0000000000000033,1.00000000000015,1.0000000000004576,0.9999999998305283
13.901154132539094,1.0,1.0,1.0000000000000033,1.0000000000001448,1.0000000000004106,0.9999999998314743
13.916046165301566,1.0,1.0,1.0000000000000033,1.0000000000001394,1.0000000000003875,0.9999999998354195
13.930938198064037,1.0,1.0,1.0000000000000033,1.0000000000001346,1.0000000000003937,0.9999999998419841
13.945830230826509,1.0,1.0,1.0000000000000033,1.000000000000131,1.000000000000431,0.9999999998505577
13.96072226358898,1.0,1.0,1.0000000000000033,1.0000000000001306,1.0000000000004976,0.9999999998603551
13.975614296351454,1.0,1.0,1.0000000000000033,1.000000000000135,1.0000000000005864,0.9999999998704893
13.990506329113925,1.0,1.0,1.0000000000000033,1.0000000000001452,1.000000000000686,0.9999999998800478
14.005398361876399,1.0,1.0,1.0000000000000033,1.0000000000001612,1.0000000000007836,0.9999999998881702
14.02029039463887,1.0,1.0,1.0000000000000033,1.000000000000182,1.0000000000008689,0.9999999998941184
14.035182427401342,1.0,1.0,1.0000000000000033,1.0000000000002052,1.0000000000009346,0.9999999998973416
14.050074460163813,1.0,1.0,1.0000000000000033,1.000000000000227,1.0000000000009799,0.9999999998975352
14.064966492926285,1.0,1.0,1.0000000000000033,1.0000000000002442,1.0000000000010074,0.9999999998946868
14.079858525688758,1.0,1.0,1.0000000000000033,1.000000000000255,1.0000000000010207,0.9999999998891055
14.094750558451231,1.0,1.0,1.0000000000000033,1.000000000000259,1.0000000000010225,0.999999999881421
14.109642591213703,1.0,1.0,1.0000000000000033,1.000000000000258,1.0000000000010145,0.9999999998725374
14.124534623976174,1.0,1.0,1.0000000000000033,1.000000000000254,1.0000000000009976,0.9999999998635402
14.139426656738646,1.0,1.0,1.0000000000000033,1.0000000000002474,1.0000000000009728,0.9999999998555714
14.154318689501117,1.0,1.0,1.0000000000000033,1.0000000000002385,1.0000000000009417,0.9999999998496961
14.16921072226359,1.0,1.0,1.0000000000000033,1.0000000000002278,1.000000000000907,0.9999999998467713
14.184102755026062,1.0,1.0,1.0000000000000033,1.0000000000002167,1.0000000000008706,0.9999999998473229
14.198994787788536,1.0,1.0,1.0000000000000033,1.000000000000207,1.0000000000008324,0.9999999998514529
14.213886820551007,1.0,1.0,1.0000000000000033,1.0000000000001998,1.0000000000007916,0.9999999998588062
14.228778853313479,1.0,1.0,1.0000000000000033,1.0000000000001963,1.0000000000007472,0.9999999998686028
14.24367088607595,1.0,1.0,1.0000000000000033,1.0000000000001972,1.0000000000007,0.9999999998797361
14.258562918838422,1.0,1.0,1.0000000000000033,1.000000000000202,1.000000000000653,0.9999999998909227
14.273454951600895,1.0,1.0,1.0000000000000033,1.00000000000021,1.0000000000006113,0.9999999999008774
14.288346984363368,1.0,1.0,1.0000000000000033,1.0000000000002198,1.0000000000005829,0.9999999999084864
14.30323901712584,1.0,1.0,1.0000000000000033,1.0000000000002287,1.0000000000005766,0.9999999999129495
14.318131049888311,1.0,1.0,1.0000000000000033,1.0000000000002345,1.0000000000005997,0.9999999999138741
14.333023082650783,1.0,1.0,1.0000000000000033,1.0000000000002358,1.0000000000006548,0.9999999999113108
14.347915115413254,1.0,1.0,1.0000000000000033,1.0000000000002327,1.00000000000074,0.9999999999057233
14.362807148175728,1.0,1.0,1.0000000000000033,1.0000000000002265,1.0000000000008493,0.9999999998978967
14.3776991809382,1.0,1.0,1.0000000000000033,1.000000000000219,1.000000000000972,0.9999999998888035
14.392591213700673,1.0,1.0,1.0000000000000033,1.000000000000211,1.0000000000010936,0.9999999998794581
14.407483246463144,1.0,1.0,1.0000000000000033,1.0000000000002025,1.0000000000011993,0.9999999998707841
14.422375279225616,1.0,1.0,1.0000000000000033,1.0000000000001936,1.0000000000012748,0.9999999998635171
14.437267311988087,1.0,1.0,1.0000000000000033,1.0000000000001843,1.0000000000013085,0.9999999998581534
14.452159344750559,1.0,1.0,1.0000000000000033,1.000000000000175,1.0000000000012934,0.9999999998549461
14.467051377513032,1.0,1.0,1.0000000000000033,1.000000000000167,1.0000000000012286,0.9999999998539345
14.481943410275505,1.0,1.0,1.0000000000000033,1.0000000000001616,1.0000000000011202,0.9999999998549932
14.496835443037977,1.0,1.0,1.0000000000000033,1.0000000000001603,1.0000000000009808,0.9999999998578905
14.511727475800448,1.0,1.0,1.0000000000000033,1.0000000000001639,1.0000000000008271,0.9999999998623376
14.52661950856292,1.0,1.0,1.0000000000000033,1.0000000000001719,1.0000000000006797,0.9999999998680201
14.541511541325391,1.0,1.0,1.0000000000000033,1.000000000000183,1.000000000000557,0.9999999998746095
14.556403574087865,1.0,1.0,1.0000000000000033,1.0000000000001954,1.0000000000004718,0.999999999881754
14.571295606850336,1.0,1.0,1.0000000000000033,1.000000000000207,1.0000000000004292,0.9999999998890629
14.58618763961281,1.0,1.0,1.0000000000000033,1.0000000000002158,1.0000000000004265,0.9999999998960972
14.601079672375281,1.0,1.0,1.0000000000000033,1.0000000000002212,1.0000000000004576,0.9999999999023838
14.615971705137753,1.0,1.0,1.0000000000000033,1.0000000000002225,1.0000000000005154,0.9999999999074561
14.630863737900224,1.0,1.0,1.0000000000000033,1.000000000000219,1.0000000000005926,0.9999999999109218
14.645755770662696,1.0,1.0,1.0000000000000033,1.000000000000211,1.0000000000006815,0.999999999912541
14.660647803425169,1.0,1.0,1.0000000000000033,1.0000000000001998,1.0000000000007738,0.9999999999122914
14.675539836187642,1.0,1.0,1.0000000000000033,1.0000000000001874,1.0000000000008618,0.9999999999103916
14.690431868950114,1.0,1.0,1.0000000000000033,1.0000000000001759,1.0000000000009381,0.9999999999072643
14.705323901712585,1.0,1.0,1.0000000000000033,1.000000000000167,1.0000000000009959,0.9999999999034549
14.720215934475057,1.0,1.0,1.0000000000000033,1.0000000000001616,1.0000000000010287,0.9999999998995238
14.735107967237528,1.0,1.0,1.0000000000000033,1.0000000000001603,1.000000000001034,0.9999999998959374
14.750000000000002,1.0,1.0,1.0000000000000033,1.0000000000001634,1.0000000000010145,0.9999999998929824
